name,smiles,purchasable,vendor,notes
LiFSI,[Li+].F[S](=O)(=O)[N-][S](=O)(=O)F,TRUE,Sigma,Lithium bis(fluorosulfonyl)imide; Common high-performance salt
DME,COCCOC,TRUE,Sigma,DME
LiPF6,[Li+].F[P-](F)(F)(F)(F)F,TRUE,Sigma,Lithium hexafluorophosphate; Standard commercial salt
EC,O=C1OCCO1,TRUE,Sigma,Ethylene carbonate; High dielectric constant solvent
DEC,CCOC(=O)OCC,TRUE,Sigma,Diethyl carbonate; Low viscosity solvent
LiBF4,[Li+].F[B-](F)(F)F,TRUE,Sigma,Lithium tetrafluoroborate; Salt
EMC,CCOC(=O)OC,TRUE,Sigma,Ethyl methyl carbonate; Low viscosity solvent
HFE,CCOC(F)(F)OC,TRUE,Synquest,Fluorinated ether solvent (Structure varies by specific isomer)
LiNO3,[Li+].[O-][N+](=O)[O-],TRUE,Sigma,Lithium nitrate; Common additive for Li-metal anodes
VC,C=COC(=O)O,TRUE,Sigma,Vinylene carbonate; SEI-forming additive
DCEE,ClCCOCCCl,TRUE,Sigma,Bis(2-chloroethyl) ether; Chlorinated ether solvent
DMC,COC(=O)OC,TRUE,Sigma,Dimethyl carbonate; Low viscosity solvent
LiDFOB,[Li+].F[B-]1(F)OC(=O)C(=O)O1,TRUE,Sigma,Lithium difluoro(oxalato)borate (Input SMILES specific); Salt/Additive
LiPO2F2,[Li+].OP(=O)(F)O[O-],TRUE,Sigma,Lithium difluorophosphate; Cathode interface additive
PC,O=C1CCC(O1)C,TRUE,Sigma,Propylene carbonate; Wide liquid range solvent
LiBOB,[Li+].[O-]C(=O)OCC(=O)[O-],TRUE,Sigma,Lithium bis(oxalato)borate; Salt/Additive
LiTFSI,[Li+].N(S(=O)(=O)C(F)(F)F)S(=O)(=O)C(F)(F)F,TRUE,Sigma,Lithium bis(trifluoromethanesulfonyl)imide; Stable salt
DMP,COC(C)OC,TRUE,Sigma,"2,2-Dimethoxypropane; Acetal/Ether solvent"
FEC,O=C1OCC(F)O1,TRUE,Sigma,Fluoroethylene carbonate; Fluorinated solvent/additive
BDFE,C(COCC(F)F)OCC(F)F,TRUE,Sigma,Fluorinated ether solvent; High voltage stability
Tetrahydrofuran,C1CCOC1,TRUE,Sigma,Common ether solvent; Low viscosity
Diglyme,COCCOCCOC,TRUE,Sigma,Glyme solvent; High solvating power
DX,C1COCCO1,TRUE,Sigma,Cyclic ether solvent
TMP,COCC(COC)OC,TRUE,Sigma,Ether solvent; Low viscosity
Tetraglyme,COCCOCCOCCOCCOC,TRUE,Sigma,Oligomeric ether; Low volatility
Glyceryl trimethyl ether derivative,COCCOCC(COC)OC,TRUE,Sigma,Branched ether solvent
Bicyclic ether derivative,COC1COC2C(OC)COC12,TRUE,Sigma,Specialty cyclic ether structure
Isopropyl difluoroborinate,CC(C)OCB(F)F,TRUE,Synquest,Boron-based additive; SEI former
Glyceryl formal methyl ether,COCC1COCCO1,TRUE,Sigma,Cyclic ether solvent
Sulfonyl fluoride derivative 1,COC[C@@H](COS(=O)(=O)F)OC,TRUE,Enamine,Fluorosulfonate additive
Sulfonyl fluoride derivative 2,CO[C@@H](COS(=O)(=O)F)C(C)C,TRUE,Enamine,Fluorosulfonate additive
Sulfonyl fluoride derivative 3,CC[C@@](C)(COS(=O)(=O)F)OC,TRUE,Enamine,Fluorosulfonate additive
Sulfonyl fluoride derivative 4,CO[C@H](COS(=O)(=O)F)C(C)C,TRUE,Enamine,Fluorosulfonate additive
Sulfonyl fluoride derivative 5,CC[C@](C)(COS(=O)(=O)F)OC,TRUE,Enamine,Fluorosulfonate additive
Sulfonyl fluoride derivative 6,COC[C@@H](OS(=O)(=O)F)C(C)C,TRUE,Enamine,Fluorosulfonate additive
Sulfonyl fluoride derivative 7,COC[C@H](OS(=O)(=O)F)C(C)C,TRUE,Enamine,Fluorosulfonate additive
Piperidinyl phosphonofluoridite,CP(F)N1CCOCC1,TRUE,Sigma,Phosphorus-based additive
Butoxyethyl fluorosulfonate,CCCCOCCOS(=O)(=O)F,TRUE,Sigma,Fluorosulfonate additive
Isobutoxyethyl fluorosulfonate,CC(C)COCCOS(=O)(=O)F,TRUE,Sigma,Fluorosulfonate additive
Oxazole ether derivative 1,CCOCc1cnco1,TRUE,Sigma,Heterocyclic additive
Oxazole ether derivative 2,CO[C@H](C)c1cnco1,TRUE,Sigma,Heterocyclic additive
Tert-amyl fluorosulfonate derivative,COC(C)(C)CCOS(=O)(=O)F,TRUE,Sigma,Fluorosulfonate additive
Oxazole ether derivative 3,CCOCc1cocn1,TRUE,Sigma,Heterocyclic additive
Oxazole ether derivative 4,CCOCc1ncco1,TRUE,Sigma,Heterocyclic additive
Triethylene glycol monomethyl ether fluorosulfonate,COCCOCCOS(=O)(=O)F,TRUE,Sigma,Fluorosulfonate additive
Sulfonamide derivative 1,CC(C)CCS(=O)(=O)N1CCOC1,TRUE,Sigma,Sulfonamide additive
Phosphonate derivative 1,CCOCCP(C)(C)=O,TRUE,Sigma,Phosphorus additive
Sulfonamide derivative 2,CCCCS(=O)(=O)N1CCO[C@H]1C,TRUE,Sigma,Sulfonamide additive
Diether derivative,COCC(OC)C1COCCO1,TRUE,Sigma,Ether solvent
Triether derivative,COCC(COC)(COC)OC,TRUE,Sigma,Ether solvent
Cyclic sulfonamide derivative,C[C@@H]1CCN(S(=O)(=O)[C@@H]2CCOC2)C1,TRUE,Sigma,Sulfonamide additive
Phosphonate derivative 2,CCOCCP(C)(=O)OCC,TRUE,Sigma,Phosphorus additive
Phosphonate derivative 3,CCOCP(=O)(CC)OCC,TRUE,Sigma,Phosphorus additive
Phosphonate derivative 4,COCC(C)OP(C)(C)=O,TRUE,Sigma,Phosphorus additive
Phosphonate derivative 5,COCCOP(C)(=O)C(C)(C)C,TRUE,Sigma,Phosphorus additive
Phosphonate derivative 6,COCP(C)(=O)OCCC(C)C,TRUE,Sigma,Phosphorus additive
Sulfonamide derivative 3,CCCCS(=O)(=O)N1CCO[C@H](C)C1,TRUE,Sigma,Sulfonamide additive
Fluoroethylene Carbonate (FEC),O=C1OCC(F)O1,TRUE,Sigma,Fluorinated SEI additive
Fluorinated ether 1,CC(F)(F)COC(C)(F)F,TRUE,Synquest,Fluorinated solvent
HFE-7200 (Ethoxynonafluorobutane),CCOC(F)(F)C(F)(F)C(F)(F)F,TRUE,3M/Fluoryx,Hydrofluoroether solvent
Trifluoroethyl methyl ether derivative,COCCOCC(F)(F)F,TRUE,Synquest,Fluorinated ether
Fluorinated ether 2,FC(F)COCCOCC(F)(F)F,TRUE,Synquest,Fluorinated ether
Fluorinated ether 3,FC(F)(F)COCC(F)(F)F,TRUE,Synquest,Fluorinated ether
Fluorinated carbonate 1,CCC1OC(=O)OC1(F)F,TRUE,Sigma,Fluorinated carbonate
Fluorinated carbonate 2,CC1OC(=O)OC1(C)F,TRUE,Sigma,Fluorinated carbonate
1,2-Bis(2-fluoroethoxy)ethane,FCCOCCOCCF,TRUE,"Sigma,Fluorinated ether"
Fluorinated ether 4,CCOC(F)(F)C(F)F,TRUE,Synquest,Fluorinated ether
Fluorinated ether 5,CCOC(F)F,TRUE,Synquest,Fluorinated ether
Fluorinated oxetane 1,C[C@@H]1COC(F)(F)C1(F)F,TRUE,Synquest,Fluorinated ether
Fluorinated oxetane 2,C[C@H]1COC(F)(F)C1(F)F,TRUE,Synquest,Fluorinated ether
Fluorinated ether 6,COCCOC(F)(F)F,TRUE,Synquest,Fluorinated ether
Fluorinated ether 7,CC(C)COC(F)(F)C(F)F,TRUE,Synquest,Fluorinated ether
Fluorinated ether 8,CC(F)(F)OCC(F)(F)C(F)(F)F,TRUE,Synquest,Fluorinated ether
Fluorinated ether 9,FC(F)COCC(F)F,TRUE,Synquest,Fluorinated ether
Fluorinated ether 10,COC(F)(F)[C@@H](F)C(F)(F)F,TRUE,Synquest,Fluorinated ether
Fluorinated ether 11,CCOCCOC(F)(F)C(F)F,TRUE,Synquest,Fluorinated ether
Fluorinated ether 12,FC(F)COC(F)F,TRUE,Synquest,Fluorinated ether
Fluorinated cyclic ether,C[C@H]1CC[C@@H](C(F)F)O1,TRUE,Synquest,Fluorinated ether
Fluorinated ether 13,FC(F)(F)CCOC(F)(F)F,TRUE,Synquest,Fluorinated ether
Fluorinated ether 14,CCOCCOC(F)F,TRUE,Synquest,Fluorinated ether
Fluorinated ether 15,COCCOCC(F)F,TRUE,Synquest,Fluorinated ether
Fluorinated ether 16,COCCOC(F)F,TRUE,Synquest,Fluorinated ether
Fluorinated ether 17,CC(C)OC(F)F,TRUE,Synquest,Fluorinated ether
Fluorinated ether 18,COCCCOC(F)F,TRUE,Synquest,Fluorinated ether
Fluorinated oxetane 3,FC1COCC1F,TRUE,Synquest,Fluorinated ether
Fluorinated ether 19,CCOC(F)(F)C(F)C(F)(F)F,TRUE,Synquest,Fluorinated ether
[cite_start]FE1,COC(C(F)F)C(F)(F)F,TRUE,Fluoryx Labs,HFE solvent [cite: 31]
[cite_start]FE2,C(C(C(F)(F)F)(F)F)OCC(C(F)F)(F)F,TRUE,Fluoryx Labs,Hydrofluoroether [cite: 47]
[cite_start]FE3,C(C(C(F)(F)F)(F)F)OCC(C(F)F)(F)F,TRUE,Fluoryx Labs,Hydrofluoroether [cite: 63]
[cite_start]FE4,COCC(F)(F)C(F)(F)COC,TRUE,Fluoryx Labs,Hydrofluoroether [cite: 73]
[cite_start]FE5,CC(C(F)(F)F)(F)C(C)OC,TRUE,Fluoryx Labs,Hydrofluoroether [cite: 92]
FE6,CCOC(=O)c1ccc(OC(F)C(F)F)cc1,TRUE,Fluoryx Labs,Hydrofluoroether
FE7,COC(F)(F)C(F)F,TRUE,Fluoryx Labs,Hydrofluoroether
FE8,COC(F)(F)C(F)C(F)(F)F,TRUE,Fluoryx Labs,Hydrofluoroether
FE9,CCOC(F)(F)C(F)F,TRUE,Fluoryx Labs,Hydrofluoroether
FE10,COC(CF3)(CF3)C(F)C(F)(F)CF3,TRUE,Fluoryx Labs,Hydrofluoroether
FE11,COC(C(F)F)C(F)(F)C(F)F,TRUE,Fluoryx Labs,Hydrofluoroether
FE12,CCCCOC(C(F)F)C(F)F,TRUE,Fluoryx Labs,Hydrofluoroether
FE13,CC(C)COC(C(F)F)C(F)F,TRUE,Fluoryx Labs,Hydrofluoroether
FE14,CCCCOC(F)(F)C(F)F,TRUE,Fluoryx Labs,Hydrofluoroether
FE15,CCOC(C(F)F)C(F)(F)C(F)F,TRUE,Fluoryx Labs,Hydrofluoroether
FE16,COCC(F)(F)C(F)(F)C(F)F,TRUE,Fluoryx Labs,Hydrofluoroether
FE17,CCOCC(F)(F)C(F)(F)C(F)F,TRUE,Fluoryx Labs,Hydrofluoroether
FE18,COC(F)(F)C(F)(F)C(F)(F)C(F)(F)F,TRUE,Fluoryx Labs,Methoxynonafluorobutane
FE19,CCOC(F)(F)C(F)(F)C(F)(F)C(F)(F)F,TRUE,Fluoryx Labs,Ethoxynonafluorobutane
FE20,COC(C(F)(F)F)(C(F)(F)F)C(F)(F)C(F)(F)C(F)(F)F,TRUE,Fluoryx Labs,Hydrofluoroether
FE21,C(=C(F)F)(F)OC(F)(F)C(F)(CF3)OC(F)(F)C(F)(F)S(=O)(=O)F,TRUE,Fluoryx Labs,Fluorosulfonyl vinyl ether
FE22,C1(C(C(OC1(C(C(C(C(F)(F)F)(F)F)(F)F)(F)F)F)(F)F)(F)F)(F)F,TRUE,Fluoryx Labs,FC-75 Mixture; Inert Solvent
FE23,COC(C(F)F)c1ccccc1,TRUE,Fluoryx Labs,Hydrofluoroether
FE24,COC(C(F)F)C(F)F,TRUE,Fluoryx Labs,Hydrofluoroether (Structure uncertain from code)
FE25,CC1=CC(OC(C(F)F)C(F)F)=CC=C1,TRUE,Fluoryx Labs,Hydrofluoroether
FE26,CC1=C(OC(C(F)F)C(F)F)C=CC=C1,TRUE,Fluoryx Labs,Hydrofluoroether
FE27,COC(C(F)F)c1cc(OC(C(F)F)C(F)F)ccc1,TRUE,Fluoryx Labs,Hydrofluoroether
FE28,BrC1=CC(OC(C(F)F)C(F)F)=CC=C1,TRUE,Fluoryx Labs,Hydrofluoroether
FE29,FC(F)COCC(F)F,TRUE,Fluoryx Labs,Hydrofluoroether
FE30,FC(F)COCC(F)(F)F,TRUE,Fluoryx Labs,Hydrofluoroether
FE31,ClC1=CC=C(OC(C(F)F)C(F)F)C=C1,TRUE,Fluoryx Labs,Hydrofluoroether
HFE-F2DEE,FCCOCCOCCF,TRUE,Fluoryx Labs,Fluorinated ether
HFE-F4DEE,FC(F)COCCOCC(F)F,TRUE,Fluoryx Labs,Fluorinated ether
HFE-F4DG,FC(F)COCCOCC(F)F,TRUE,Fluoryx Labs,Fluorinated ether
HFE-F5DEE,FC(F)COCCOCC(F)(F)F,TRUE,Fluoryx Labs,Fluorinated ether
HFE-F6DEE,FC(F)(F)COCCOCC(F)(F)F,TRUE,Fluoryx Labs,Fluorinated ether
HFE-F6DG,FC(F)COCCOCCOCC(F)F,TRUE,Fluoryx Labs,Fluorinated ether
HFE-F8DG,FC(F)(F)COCCOCC(F)(F)F,TRUE,Fluoryx Labs,Fluorinated ether
HFE-TE4-O-C3,CCC(F)(F)C(F)(F)COCCC,TRUE,Fluoryx Labs,Hydrofluoroether
HFE-TE6-O-C5,CCCCCC(F)(F)C(F)(F)C(F)(F)COCCCCC,TRUE,Fluoryx Labs,Hydrofluoroether
FE33,COC(=O)C(F)(CF3)OC(F)F C(F)(CF3)OC(F)(F)F,TRUE,Fluoryx Labs,Fluorinated Ester
FE34,COC(F)(CF3)OC(F)(F)OC(F)(F)F,TRUE,Fluoryx Labs,Hydrofluoroether
FE35,COC1=C(C=CC=C1F)[N+](=O)[O-],FALSE,Aladdin,Nitro compound; Reactive with Li
FE36,CC1=C(C=C(C=C1)C(F)(F)F)[N+](=O)[O-],FALSE,Aladdin,Nitro compound; Reactive with Li
2 4 Dichloro 5 fluorobenzoyl Chloride,C1=C(C(=CC(=C1F)Cl)Cl)C(=O)Cl,FALSE,Aladdin,Acyl Chloride; Reactive with Li
2 5 Dichloro 3 (trifluoromethyl)pyridine,C1=C(C=NC(=C1C(F)(F)F)Cl)Cl,FALSE,Aladdin,Halogenated pyridine; Potential reactivity
2 5 Dichlorobenzotrifluoride,C1=CC(=C(C=C1Cl)C(F)(F)F)Cl,FALSE,Aladdin,Halogenated benzene; Potential reactivity
2 (3 Fluorophenyl)pyrrolidine,C1CC(NC1)C2=CC(=CC=C2)F,FALSE,Aladdin,Amine; Protic/Reactive with Li
2 (Trifluoromethyl) nicotinaldehyde,C1=CC(=C(N=C1)C(F)(F)F)C=O,FALSE,Aladdin,Aldehyde; Reactive with Li
2 Fluoro 3 (hydroxymethyl)pyridine,C1=CC(=C(N=C1)F)CO,FALSE,Aladdin,Alcohol; Protic/Reactive with Li
3 5 Bis(trifluoromethyl)benzenethiol,C1=C(C=C(C=C1C(F)(F)F)S)C(F)(F)F,FALSE,Aladdin,Thiol; Protic/Reactive with Li
3 (4 Fluorophenyl)pyrrolidine,C1CNCC1C2=CC=C(C=C2)F,FALSE,Aladdin,Amine; Protic/Reactive with Li
3 (Difluoromethoxy) benzaldehyde,C1=CC(=CC(=C1)OC(F)F)C=O,FALSE,Aladdin,Aldehyde; Reactive with Li
3 Amino 5 methylbenzotrifluoride,CC1=CC(=CC(=C1)N)C(F)(F)F,FALSE,Aladdin,Amine; Protic/Reactive with Li
3 Bromo 4 fluoropyridine,C1=CN=CC(=C1F)Br,FALSE,Aladdin,Halogenated pyridine
4 (Difluoromethoxy)toluene,CC1=CC=C(C=C1)OC(F)F,TRUE,Aladdin,Fluorinated ether derivative
Methyl 2 2 3 3 3 Pentafluoropropyl Ether,COCC(C(F)(F)F)(F)F,TRUE,Aladdin,Fluorinated ether
Dimethyl perfluorosuberate,COC(=O)C(C(C(C(C(C(C(=O)OC)(F)F)(F)F)(F)F)(F)F)(F)F)(F)F,TRUE,Aladdin,Fluorinated Ester
cis 1 1 2 2 3 4 Hexafluorocyclobutane,[C@H]1([C@@H](C(C1(F)F)(F)F)F)F,TRUE,Aladdin,Fluorocarbon
(2 2 3 3 Tetrafluoropropoxy)acetic acid,C(C(=O)O)OCC(C(F)F)(F)F,FALSE,Aladdin,Acid; Protic/Reactive with Li
Nonafluoropentanoyl chloride,C(=O)(C(C(C(C(F)(F)F)(F)F)(F)F)(F)F)Cl,FALSE,Aladdin,Acyl Chloride; Reactive with Li
1H 1H Perfluorooctyl methacrylate,CC(=C)C(=O)OCC(C(C(C(C(C(C(F)(F)F)(F)F)(F)F)(F)F)(F)F)(F)F)(F)F,TRUE,Aladdin,Fluorinated monomer/additive
5 Fluorotryptamine,C10H11FN2,FALSE,Aladdin,Amine; Protic/Reactive with Li
Ethyl 2 2 difluorohexanoate,CCCC(C(=O)CC)(F)F,TRUE,Aladdin,Fluorinated Ester
1 Methyl 3 (trifluoromethyl) 1H pyrazole,CN1C=CC(=N1)C(F)(F)F,TRUE,Aladdin,Heterocycle
5 Bromo 2 chloro 1 3 difluorobenzene,C1=C(C=C(C(=C1F)Cl)F)Br,FALSE,Aladdin,Halogenated benzene
1 Fluoro 2 ((trifluoromethyl)sulfonyl)benzene,C1=CC=C(C(=C1)F)S(=O)(=O)C(F)(F)F,TRUE,Aladdin,Sulfone additive
2 (2 2 2 Trifluoroethoxy) ethanol,C(COCC(F)(F)F)O,FALSE,Aladdin,Alcohol; Protic/Reactive with Li
4 Fluoro 1 butanol,C(CCF)CO,FALSE,Aladdin,Alcohol; Protic/Reactive with Li
4 (4 Fluorophenyl)piperidine,C1CNCC1C2=CC=C(C=C2)F,FALSE,Aladdin,Amine; Protic/Reactive with Li
1 1 1 Trifluoropropan 2 amine,CC(C(F)(F)F)N,FALSE,Aladdin,Amine; Protic/Reactive with Li
3 Fluoro 2 iodoanisole,COC1=C(C(=CC=C1)F)I,TRUE,Aladdin,Halogenated anisole
Cyclopropyl (4 fluorophenyl)methanone,C1CC1C(=O)C2=CC=C(C=C2)F,TRUE,Aladdin,Ketone
3 3 3 Trifluoropropane 1 sulfonylchloride,C(CS(=O)(=O)Cl)C(F)(F)F,FALSE,Aladdin,Sulfonyl Chloride; Reactive with Li
2 Amino 5 methylbenzotrifluoride,CC1=CC(=C(C=C1)N)C(F)(F)F,FALSE,Aladdin,Amine; Protic/Reactive with Li
Ethyl 5 5 5 trifluoro 2 4 dioxopentanoate,CCOC(=O)C(=O)CC(=O)C(F)(F)F,TRUE,Aladdin,Fluorinated Ester/Keto
3 Fluoro 5 methoxyphenylacetonitrile,COC1=CC(=CC(=C1)CC#N)F,TRUE,Aladdin,Nitrile additive
3 Fluoro 2 (trifluoromethyl)benzaldehyde,C1=CC(=C(C(=C1)F)C(F)(F)F)C=O,FALSE,Aladdin,Aldehyde; Reactive with Li
Methyl 4 bromo 2 (trifluoromethyl)benzoate,COC(=O)C1=C(C=C(C=C1)Br)C(F)(F)F,TRUE,Aladdin,Fluorinated Ester
3 (Trifluoromethyl sulfonyl) 4 fluorobenzene sulfonyl chloride,C1=CC(=C(C=C1S(=O)(=O)Cl)S(=O)(=O)C(F)F)F,FALSE,Aladdin,Sulfonyl Chloride; Reactive with Li
2 Iodo 5 (trifluoromethyl) aniline,C1=CC(=C(C=C1C(F)(F)F)N)I,FALSE,Aladdin,Amine; Protic/Reactive with Li
3 Fluoro 4 nitropyridine,C1=CN=CC(=C1[N+](=O)[O-])F,FALSE,Aladdin,Nitro compound; Reactive with Li
2 2 2 Trifluoro 1 morpholinoethan 1 one,C1COCCN1C(=O)C(F)(F)F,TRUE,Aladdin,Amide
2 Bromo 5 fluorobenzylamine,C1=CC(=C(C=C1F)CN)Br,FALSE,Aladdin,Amine; Protic/Reactive with Li
Ethyl 4 4 4 trifluorobut 2 ynoate,CCOC(=O)C#CC(F)(F)F,TRUE,Aladdin,Fluorinated Alkyne Ester
1 (Bromomethyl) 2 (difluoromethoxy)benzene,C1=CC=C(C(=C1)CBr)OC(F)F,TRUE,Aladdin,Halogenated ether derivative
2 Chloro 3 fluoro 4 methylpyridine,CC1=C(C(=NC=C1)Cl)F,TRUE,Aladdin,Halogenated pyridine
Methyl 2 (((trifluoromethyl) sulfonyl)oxy)acetate,COC(=O)COS(=O)(=O)C(F)(F)F,TRUE,Aladdin,Triflate additive
2 Amino 3 5 difluoro 4 (trifluoromethyl)pyridine,C1=C(C(=C(C(=N1)N)F)C(F)(F)F)F,FALSE,Aladdin,Amine; Protic/Reactive with Li
4 bromo 2 fluorobenzylamine,C1=CC(=C(C=C1Br)F)CN,FALSE,Aladdin,Amine; Protic/Reactive with Li
1 Bromo 2 (difluoromethyl) 4 fluorobenzene,C1=CC(=C(C=C1F)C(F)F)Br,TRUE,Aladdin,Halogenated benzene
2 Amino 5 (trifluoromethyl)phenol,C1=CC(=C(C=C1C(F)(F)F)O)N,FALSE,Aladdin,Amine/Phenol; Protic/Reactive with Li
2 methoxy 3 (trifluoromethyl)aniline,COC1=C(C=CC=C1N)C(F)(F)F,FALSE,Aladdin,Amine; Protic/Reactive with Li
3 4 Difluoropyridine,C1=CN=CC(=C1F)F,TRUE,Aladdin,Fluorinated pyridine
3 (fluoromethyl) cyclobutan 1 one,C1C(CC1=O)CF,TRUE,Aladdin,Fluorinated Ketone
4 Chloro 6 methyl 2 trifluoromethylpyrimidine,CC1=CC(=NC(=N1)C(F)(F)F)Cl,TRUE,Aladdin,Halogenated pyrimidine
5 bromo 3 fluoro 2 methoxyaniline,COC1=C(C=C(C=C1F)Br)N,FALSE,Aladdin,Amine; Protic/Reactive with Li
Methyl 2 (trifluoromethyl)isonicotinate,COC(=O)C1=CC(=NC=C1)C(F)(F)F,TRUE,Aladdin,Fluorinated Ester
4 Fluoro 3 (trifluoromethoxy)aniline,C1=CC(=C(C=C1N)C(F)(F)F)F,FALSE,Aladdin,Amine; Protic/Reactive with Li
3 (Trifluoromethyl) furan 2 5 dione,C1=C(C(=O)OC1=O)C(F)(F)F,TRUE,Aladdin,Anhydride additive
3 [4 (Trifluoromethyl)phenyl]propanal,C1=CC(=CC=C1CCC=O)C(F)(F)F,FALSE,Aladdin,Aldehyde; Reactive with Li
4 (Difluoromethoxy) 2 fluorobenzaldehyde,C1=CC(=C(C=C1OC(F)F)F)C=O,FALSE,Aladdin,Aldehyde; Reactive with Li
(3 Bromo 4 Fluorophenyl) Methanamine,C1=CC(=C(C=C1CN)Br)F,FALSE,Aladdin,Amine; Protic/Reactive with Li
1 Allyl 2 (trifluoromethyl) 1H benzo[d]imidazole,C=CCN1C2=CC=C=C=C2N=C1C(F)(F)F,TRUE,Aladdin,Heterocycle
1 1 2 2 tetrafluoro 1 2 diiodoethane,C(C(F)(F)I)(F)(F)I,TRUE,Aladdin,Iodinated additive
2 (2 Fluoroethoxy)ethanol,C(COCCF)O,FALSE,Aladdin,Alcohol; Protic/Reactive with Li
2 (Bromomethyl) 4 chloro 1 (trifluoromethyl)benzene,C1=CC(=C(C=C1Cl)CBr)C(F)(F)F,TRUE,Aladdin,Halogenated benzene
(R) 1 (2 Fluorophenyl)ethanol,CC(C1=CC=C=C1F)O,FALSE,Aladdin,Alcohol; Protic/Reactive with Li
(S) 1 1 1 Trifluoropropan 2 amine,CC(C(F)(F)F)N,FALSE,Aladdin,Amine; Protic/Reactive with Li
1 (4 (Trifluoromethyl)phenyl)ethanamine,CC(C1=CC=C(C=C1)C(F)(F)F)N,FALSE,Aladdin,Amine; Protic/Reactive with Li
1 (3 5 Difluorophenyl)ethanol,CC(C1=CC(=CC(=C1)F)F)O,FALSE,Aladdin,Alcohol; Protic/Reactive with Li
3 Chloro 5 nitrobenzotrifluoride,C1=C(C=C(C=C1[N+](=O)[O-])Cl)C(F)(F)F,FALSE,Aladdin,Nitro compound; Reactive with Li
1H Perfluorooctane,C(C(C(C(C(C(C(C(F)(F)F)(F)F)(F)F)(F)F)(F)F)(F)F)(F)F)(F)F,TRUE,Aladdin,Fluorocarbon Solvent
1 1 2 3 3 3 Hexafluoropropyl 2 2 2 trifluoroethyl ether,C(C(F)(F)F)OC(C(C(F)(F)F)F)(F)F,TRUE,Aladdin,Hydrofluoroether
1 1 1 2 2 Pentafluoro 3 iodopropane,C(C(C(F)(F)F)(F)F)I,TRUE,Aladdin,Iodinated additive
1 4 Bis chloro(difluoro)methyl benzene,C1=CC(=CC=C1C(F)(F)Cl)C(F)(F)Cl,TRUE,Aladdin,Halogenated benzene
2 Chloro 3 5 Difluoroaniline,C1=C(C=C(C(=C1N)Cl)F,FALSE,Aladdin,Amine; Protic/Reactive with Li
2 Perfluoropropoxy 2 3 3 3 tetrafluoropropanol,C(C(C(F)(F)F)(OC(C(C(F)(F)F)(F)F)(F)F)F)O,FALSE,Aladdin,Alcohol; Protic/Reactive with Li
2 6 Dichloro benzotrifluoride,C1=CC(=C(C(=C1)Cl)C(F)(F)F)Cl,FALSE,Aladdin,Halogenated benzene
3 Fluorophenetole,CCOC1=CC(=CC=C1)F,TRUE,Aladdin,Fluorinated ether
4 (Trifluoromethyl)benzoyl fluoride,C1=CC(=CC=C1C(=O)F)C(F)(F)F,FALSE,Aladdin,Acyl Fluoride; Reactive with Li
4 Bromo 1 fluoro 2 (methoxymethyl)benzene,COCC1=C(C=CC(=C1)Br)F,TRUE,Aladdin,Halogenated ether
4 Bromophenyl trifluoromethanesulfonate,C1=CC(=CC=C1OS(=O)(=O)C(F)(F)F)Br,TRUE,Aladdin,Triflate additive
2 Bromo 1 3 difluoro 5 (trifluoromethyl)benzene,C1=C(C=C(C(=C1F)Br)F)C(F)(F)F,TRUE,Aladdin,Halogenated benzene
2 2 2 trifluoro 1 phenylethanamine,C1=CC=C(C=C1)C(C(F)(F)F)N,FALSE,Aladdin,Amine; Protic/Reactive with Li
2 3 Dichlorofluorobenzene,Clc1c(F)c(Cl)ccc1 (Structure from name),TRUE,Aladdin,Halogenated benzene
1 2 dichloro 3 fluorobenzene,C1=CC(=C(C(=C1)Cl)Cl)F,TRUE,Aladdin,Halogenated benzene
2 4 5 Trifluorobenzylamine,C1=C(C(=CC(=C1F)F)F)CN,FALSE,Aladdin,Amine; Protic/Reactive with Li
3 Aminophenylsulfurpentafluoride,C1=CC(=CC(=C1)S(F)(F)(F)(F)F)N,FALSE,Aladdin,Amine; Protic/Reactive with Li
3 3 3 Trifluoropropionyl chloride,C(C(=O)Cl)C(F)(F)F,FALSE,Aladdin,Acyl Chloride; Reactive with Li
4' Bromo 3 fluoro 1 1' biphenyl,C1=CC(=CC(=C1)F)C2=CC=C(C=C2)Br,TRUE,Aladdin,Halogenated biphenyl
5 Chloro 2 fluorobenzylalcohol,C1=CC(=C(C=C1Cl)CO)F,FALSE,Aladdin,Alcohol; Protic/Reactive with Li
Ethyl 3 (trifluoromethyl)benzoate,CCOC(=O)C1=CC(=CC=C1)C(F)(F)F,TRUE,Aladdin,Fluorinated Ester
1 cyclopropyl 4 4 4 trifluoro 1 3 butanedione,C1CC1C(=O)CC(=O)C(F)(F)F,TRUE,Aladdin,Fluorinated Diketone
2 Fluoro 6 iodoanisole,COC1=C(C=CC=C1I)F,TRUE,Aladdin,Halogenated anisole
3 (Cyclopropyl methoxy) 4 (difluoromethoxy)benzaldehyde,C1CC1COC2=C(C=CC(=C2)C=O)OC(F)F,FALSE,Aladdin,Aldehyde; Reactive with Li
1 Fluorocyclohexanemethanol,C1CCC(CC1)(CO)F,FALSE,Aladdin,Alcohol; Protic/Reactive with Li
4 4 5 5 5 Pentafluoropentane 1 thiol,C(CC(C(F)(F)F)(F)F)CS,FALSE,Aladdin,Thiol; Protic/Reactive with Li
(2 Chloro 3 fluorophenyl)methanamine,C1=CC(=C(C(=C1)F)Cl)CN,FALSE,Aladdin,Amine; Protic/Reactive with Li
7 (Trifluoromethyl) 1 2 3 4 tetrahydroisoquinoline,C1CNCC2=C1C=CC(=C2)C(F)(F)F,FALSE,Aladdin,Amine; Protic/Reactive with Li
(R) 1 1 1 trifluoropropan 2 amine,CC(C(F)(F)F)N,FALSE,Aladdin,Amine; Protic/Reactive with Li
1 Bromo 3 (bromomethyl) 5 (trifluoromethyl)benzene,C1=C(C=C(C=C1C(F)(F)F)Br)CBr,TRUE,Aladdin,Halogenated benzene
2 Bromo 4 (trifluoromethoxy)phenol,C1=CC(=C(C=C1OC(F)(F)F)Br)O,FALSE,Aladdin,Phenol; Protic/Reactive with Li
2 Methoxy 4 (trifluoromethyl)pyridine,COC1=NC=CC(=C1)C(F)(F)F,TRUE,Aladdin,Fluorinated pyridine
2 Trifluoromethoxy 4 methoxybenzaldehyde,COC1=CC(=C(C=C1)C=O)OC(F)(F)F,FALSE,Aladdin,Aldehyde; Reactive with Li
2 2 2 Trifluoro 1 (4 methoxyphenyl)ethanamine,COC1=CC=C(C=C1)C(C(F)(F)F)N,FALSE,Aladdin,Amine; Protic/Reactive with Li
4 Bromo 1 2 bis(trifluoromethyl)benzene,C1=CC(=C(C=C1Br)C(F)(F)F)C(F)(F)F,TRUE,Aladdin,Halogenated benzene
5 (Trifluoromethyl)benzoxazole,C1=CC2=C(C=C1C(F)(F)F)N=CO2,TRUE,Aladdin,Heterocycle
Methyl 2 2 Difluoropropanoate,CC(C(=O)OC)(F)F,TRUE,Aladdin,Fluorinated Ester
2 2 3 3 Tetrafluoro 3 [[1 1 1 2 3 3 hexafluoro 3 [(1 2 2 trifluorovinyl)oxy]propan 2 yl oxy]propionitrile,C(#N)C(C(OC(C(OC(=C(F)F)F)(F)F)(C(F)(F)F)F)(F)F)(F)F,TRUE,Aladdin,Fluorinated Nitrile
1 bromo 3 (2 2 difluorocyclopropyl)benzene,C1C(C1(F)F)C2=CC(=CC=C2)Br,TRUE,Aladdin,Halogenated cyclopropane
1 bromo 4 (2 2 difluorocyclopropyl)benzene,C1C(C1(F)F)C2=CC=C(C=C2)Br,TRUE,Aladdin,Halogenated cyclopropane
TFEE (1 1 2 2 tetrafluoro 1 [2 (1 1 2 2 tetrafluoroethoxy)ethoxy]ethane),C(COC(C(F)F)(F)F)OC(C(F)F)(F)F,TRUE,Aladdin,Fluorinated ether
1 1 1 Trifluoro N N dimethylmethanesulfonamide,CN(C)S(=O)(=O)C(F)(F)F,TRUE,Aladdin,Sulfonamide additive
2 2 difluoro 2 (2 fluorophenyl)ethan 1 ol,C1=CC=C(C(=C1)C(CO)(F)F)F,FALSE,Aladdin,Alcohol; Protic/Reactive with Li
4 Fluorophenyltriflate,C1=CC(=CC=C1OS(=O)(=O)C(F)(F)F)F,TRUE,Aladdin,Triflate additive
4 lodophenyl trifluoromethanesulfonate,C1=CC(=CC=C1OS(=O)(=O)C(F)(F)F)I,TRUE,Aladdin,Triflate additive
5 Fluoro 2 (trifluoromethyl)benzenesulfonyl chloride,C1=CC(=C(C=C1F)S(=O)(=O)Cl)C(F)(F)F,FALSE,Aladdin,Sulfonyl Chloride; Reactive with Li
3 5 Difluoro 2 methoxybenzaldehyde,COC1=C(C=C(C=C1F)F)C=O,FALSE,Aladdin,Aldehyde; Reactive with Li
ethyl 2 2 2 trifluoroethyl carbonate,CCOC(=O)OCC(F)(F)F,TRUE,Aladdin,Fluorinated Carbonate
Isothiocyanic Acid 2 Fluorophenyl Ester,C1=CC=C(C(=C1)N=C=S)F,FALSE,Aladdin,Isothiocyanate; Reactive with Li
ethyl 2 2 difluoro 2 (3 methoxyphenyl)acetate,CCOC(=O)C(C1=CC(=CC=C1)OC)(F)F,TRUE,Aladdin,Fluorinated Ester
5 Fluorobenzofuran,C1=CC2=C(C=CO2)C=C1F,TRUE,Aladdin,Heterocycle
5 Fluoro 3 methylbenzo[b]thiophene,CC1=CSC2=C1C=C(C=C2)F,TRUE,Aladdin,Heterocycle
N octylpyridinium bis((trifluoromethyl) sulfonyl)imide,CCCCCC[N+]1=CC=C=C=C=C1.C(F)(F)S(=O)(=O)[N-]S(=O)C(F)(F)F,TRUE,Aladdin,Ionic Liquid
Pentafluoropropionic acid,C(=O)(C(C(F)(F)F)(F)F)O,FALSE,Aladdin,Acid; Protic/Reactive with Li
Undecafluorohexanoic acid,C(=O)(C(C(C(C(C(F)(F)F)(F)F)(F)F)(F)F)(F)F)O,FALSE,Aladdin,Acid; Protic/Reactive with Li
Methyl 3 bromo 5 (trifluoromethyl)benzoate,COC(=O)C1=CC(=CC(=C1)Br)C(F)(F)F,TRUE,Aladdin,Fluorinated Ester
Trifluoroacetic acid (TFA),CF3COOH,FALSE,Aladdin,Acid; Protic/Reactive with Li
N Methyl 1 (4 (trifluoromethyl)phenyl)methanamine,CNCC1=CC=C(C=C1)C(F)(F)F,FALSE,Aladdin,Amine; Protic/Reactive with Li
Perfluoro 2 methyl 2 pentene,C(=C(C(C(F)(F)F)(F)F)F)(C(F)(F)F)C(F)(F)F,TRUE,Aladdin,Fluorocarbon Solvent
Allyl 1H 1H heptafluorobutyl ether,C=COCC(C(C(F)(F)F)(F)F)(F)F,TRUE,Aladdin,Fluorinated ether
Ethyl 3 (Dimethylamino) 3 ethoxy 2 2 difluoropropionate,CCOC(=O)C(C(OC)N(C)C)(F)F (Smiles approx),TRUE,Aladdin,Fluorinated amino-ester
Methyl Difluoroacetate,COC(=O)C(F)F,TRUE,Aladdin,Fluorinated Ester
Methyl heptafluoropropylketone,CC(=O)C(C(C(F)(F)F)(F)F)(F)F,TRUE,Aladdin,Fluorinated Ketone
Diethyl tetrafluorosuccinate,CCOC(=O)C(C(=O)OCC)(F)F)(F)F,TRUE,Aladdin,Fluorinated Diester
Dimethyl difluoromalonate,COC(=O)C(C(=O)OC)(F)F,TRUE,Aladdin,Fluorinated Diester
Difluoromethyl 2 2 3 3 tetrafluoropropyl ether,C(C(C(F)F)(F)F)OC(F)F,TRUE,Aladdin,Fluorinated ether
Heptafluoro 2 2 3 trichlorobutane,C(C(C(F)(F)F)(Cl)Cl)(C(F)(F)F)(F)Cl,TRUE,Aladdin,Halogenated butane
N Methyl 2 (trifluoromethoxy)aniline,CNC1=CC=CC=C1OC(F)(F)F,FALSE,Aladdin,Amine; Protic/Reactive with Li
Ethyl 1 (trifluoromethyl)cyclopropanecarboxylate,CCOC(=O)C1(CC1)C(F)(F)F,TRUE,Aladdin,Fluorinated Ester
Ethyl 4 4 5 5 5 Pentafluoro 3 oxovalerate,CCOC(=O)CC(=O)C(C(F)(F)F)(F)F,TRUE,Aladdin,Fluorinated Keto-ester
Ethyl 2 methyl 4 4 4 trifluoroacetoacetate,CCOC(=O)C(C)C(=O)C(F)(F)F,TRUE,Aladdin,Fluorinated Keto-ester
Triethylamine trihydrofluoride,CCN(CC)CC.F.F.F,FALSE,Aladdin,Fluorinating agent; Reactive
3 Chloro 2 methoxy 5 (trifluoromethyl)pyridine,COC1=C(C=C(C=N1)C(F)(F)F)Cl,TRUE,Aladdin,Fluorinated pyridine
2 6 Difluorobenzotrifluoride,C1=CC(=C(C(=C1)F)C(F)(F)F)F,TRUE,Aladdin,Halogenated benzene
3 Chloro 2 fluorotoluene,CC1=C(C(=CC=C1)Cl)F,TRUE,Aladdin,Halogenated toluene
4 Fluoro 2 methoxybenzylamine,COC1=C(C=CC(=C1)F)CN,FALSE,Aladdin,Amine; Protic/Reactive with Li
4 Fluoro 3 (trifluoromethyl)phenylacetonitrile,C1=CC(=C(C=C1CC#N)C(F)(F)F)F,TRUE,Aladdin,Nitrile additive
1H Undecafluoropentane,C(C(C(C(C(F)(F)F)(F)F)(F)F)(F)F)(F)F,TRUE,Aladdin,Fluorocarbon Solvent
2 3 5 DCTF (2 3 dichloro 5 (trifluoromethyl)pyridine),C1=C(C=NC(=C1Cl)Cl)C(F)(F)F,TRUE,Aladdin,Halogenated pyridine
2 Chloro 1 nitro 4 (trifluoromethyl)benzene,C1=CC(=C(C=C1C(F)(F)F)Cl)[N+](=O)[O-],FALSE,Aladdin,Nitro compound; Reactive with Li
2 3 Difluoro 5 nitropyridine,C1=C(C(=NC=C1[N+](=O)[O-])F)F,FALSE,Aladdin,Nitro compound; Reactive with Li
4 Fluoro N isopropylaniline,CC(C)NC1=CC=C(C=C1)F,FALSE,Aladdin,Amine; Protic/Reactive with Li
2 2 Difluoroacetophenone,C1=CC=C(C=C1)C(=O)C(F)F,TRUE,Aladdin,Ketone
2 Bromo 4 (trifluoromethyl)benzaldehyde,C1=CC(=C(C=C1C(F)(F)F)Br)C=O,FALSE,Aladdin,Aldehyde; Reactive with Li
2 Chloro 3 fluoro 5 (trifluoromethyl)pyridine,C1=C(C=NC(=C1F)Cl)C(F)(F)F,TRUE,Aladdin,Halogenated pyridine
1 Bromo 3 methyl 5 (trifluoromethyl)benzene,CC1=CC(=CC(=C1)Br)C(F)(F)F,TRUE,Aladdin,Halogenated benzene
3 Fluoro 4 methylbenzylamine,CC1=C(C=C(C=C1)CN)F,FALSE,Aladdin,Amine; Protic/Reactive with Li
2 (2 Fluorophenoxy)ethylamine,C1=CC=C(C(=C1)OCCN)F,FALSE,Aladdin,Amine; Protic/Reactive with Li
5 Chloro 2 fluoroiodobenzene,C1=CC(=C(C=C1Cl)I)F,TRUE,Aladdin,Halogenated benzene
2 Fluoro 4 nitrobenzotrifluoride,C1=CC(=C(C=C1[N+](=O)[O-])F)C(F)(F)F,FALSE,Aladdin,Nitro compound; Reactive with Li
2 2 2 Trifluoroethyl trifluoromethanesulfonate,C(C(F)(F)F)OS(=O)(=O)C(F)(F)F,TRUE,Aladdin,Triflate additive
2 2 3 3 4 4 5 5 6 6 7 7 Dodecafluoroheptyl Acrylate,C=CC(=O)OCC(C(C(C(C(C(F)F)(F)F)(F)F)(F)F)(F)F)(F)F,TRUE,Aladdin,Fluorinated monomer
2 Fluoro 5 methoxyaniline,COC1=CC(=C(C=C1)F)N,FALSE,Aladdin,Amine; Protic/Reactive with Li
2 Fluoro 5 (trifluoromethyl)benzyl alcohol,C1=CC(=C(C=C1C(F)(F)F)CO)F,FALSE,Aladdin,Alcohol; Protic/Reactive with Li
2 Fluorocyclohexanone,C1CCC(=O)C(C1)F,TRUE,Aladdin,Fluorinated Ketone
2 Bromo 3 5 difluorophenol,C1=C(C=C(C(=C1)Br)F)F (structure approx),FALSE,Aladdin,Phenol; Protic/Reactive with Li
1 1 1 3 3 3 Hexafluoro 2 propanol (HFP),C(C(F)(F)F)(C(F)(F)F)O,FALSE,Aladdin,Alcohol; Protic/Reactive with Li
1 2 Difluoro 3 methoxy 4 nitrobenzene,COC1=C(C=CC(=C1F)F)[N+](=O)[O-],FALSE,Aladdin,Nitro compound; Reactive with Li
1 Bromo 3 fluoro 5 iodobenzene,C1=C(C=C(C=C1Br)I)F,TRUE,Aladdin,Halogenated benzene
1 3 5 tris(trifluoromethyl)benzene,C1=C(C=C(C=C1C(F)(F)F)C(F)(F)F)C(F)(F)F,TRUE,Aladdin,Additive
1 (2 Fluorophenyl)ethanamine,CC(C1=CC=C=C1F)N,FALSE,Aladdin,Amine; Protic/Reactive with Li
(3 Fluoropyridin 4 yl)methanamine,C1=CN=CC(=C1CN)F,FALSE,Aladdin,Amine; Protic/Reactive with Li
(5 Fluoropyridin 3 yl)methanol,C1=C(C=NC=C1F)CO,FALSE,Aladdin,Alcohol; Protic/Reactive with Li
1 4 Difluorobenzene,C1=CC(=CC=C1F)F,TRUE,Aladdin,Gas generation additive
2 Fluoro 6 methoxyacetophenone,CC(=O)C1=C(C=CC=C1F)OC,TRUE,Aladdin,Ketone
1 (2 Fluoro 6 hydroxyphenyl)ethanone,CC(=O)C1=C(C=CC=C1F)O,FALSE,Aladdin,Phenol; Protic/Reactive with Li
1 (5 Bromo 2 fluorophenyl)ethanol,CC(C1=C(C=CC(=C1)Br)F)O,FALSE,Aladdin,Alcohol; Protic/Reactive with Li
1 Bromo 3 fluoro 5 nitrobenzene,C1=C(C=C(C=C1F)Br)[N+](=O)[O-],FALSE,Aladdin,Nitro compound; Reactive with Li
ethyl 2 (4 cyanophenyl) 2 2 difluoroacetate,CCOC(=O)C(C1=CC=C(C=C1)C#N)(F)F,TRUE,Aladdin,Fluorinated Ester
ethyl 2 ([1 1' biphenyl] 4 yl) 2 2 difluoroacetate,CCOC(=O)C(C1=CC=C(C=C1)C2=CC=C=C=C2)(F)F,TRUE,Aladdin,Fluorinated Ester
ethyl 2 2 difluoro 2 (4 (trifluoromethyl)phenyl)acetate,CCOC(=O)C(C1=CC=C(C=C1)C(F)(F)F)(F)F,TRUE,Aladdin,Fluorinated Ester
ethyl 2 2 difluoro 2 (4 methoxyphenyl)acetate,CCOC(=O)C(C1=CC=C(C=C1)OC)(F)F,TRUE,Aladdin,Fluorinated Ester
ethyl 2 2 difluoro 2 (5 (trifluoromethyl)pyridin 2 yl)acetate,CCOC(=O)C(C1=NC=C(C=C1)C(F)(F)F)(F)F,TRUE,Aladdin,Fluorinated Ester
ethyl 2 (3 bromophenyl) 2 2 difluoroacetate,CCOC(=O)C(C1=CC(=CC=C1)Br)(F)F,TRUE,Aladdin,Fluorinated Ester
ethyl 2 (4 (tert butyl)phenyl) 2 2 difluoroacetate,CCOC(=O)C(C1=CC=C(C=C1)C(C)(C)C)(F)F,TRUE,Aladdin,Fluorinated Ester
ethyl 2 2 difluoro 2 (5 methylpyridin 2 yl)acetate,CCOC(=O)C(C1=NC=C(C=C1)C)(F)F,TRUE,Aladdin,Fluorinated Ester
(R) 2 2 2 Trifluoro 1 (3 methoxyphenyl)ethanamine,COC1=CC=CC(=C1)C(C(F)(F)F)N,FALSE,Aladdin,Amine; Protic/Reactive with Li
1 Chloro 2 3 4 trifluorobenzene,C1=CC(=C(C(=C1F)F)F)Cl,TRUE,Aladdin,Halogenated benzene
1 6 Divinylperfluorohexane,C=CC(C(C(C(C(C(C=C)(F)F)(F)F)(F)F)(F)F)(F)F)(F)F,TRUE,Aladdin,Fluorinated monomer
1 5 Dibromo 2 3 difluorobenzene,C1=C(C=C(C(=C1F)F)Br)Br,TRUE,Aladdin,Halogenated benzene
2 (2 Chloro 4 (trifluoromethyl)phenyl) 4 4. 5. 5 tetramethyl 1 3 2 dioxaborolane,CC1(C)OB(OC1(C)C)C2=C(C=C(C=C2)C(F)(F)F)Cl,TRUE,Aladdin,Boron additive
2 Fluoro 5 (trifluoromethyl)phenyl isocyanate,Fc1ccc(cc1N=C=O)C(F)(F)F,FALSE,Aladdin,Isocyanate; Reactive with Li
2 3 3 3 Tetrafluoro 2 (...propoxy)propanoic acid,C(=O)(C(C(F)(F)F)(OC(C(C(F)(F)F)(OC(C(C(F)(F)F)(OC(C(C(F)(F)F)(F)F)(F)F)F)(F)F)F)(F)F)F)O,FALSE,Aladdin,Acid; Protic/Reactive with Li
2.4 Bis(Trifluoromethyl) Benzonitrile,C1=CC(=C(C=C1C(F)(F)F)C(F)(F)F)C#N,TRUE,Aladdin,Nitrile additive
4 ethyl 2 fluoro 1 phenylbenzene,CCC1=CC(=C(C=C1)C2=CC=C=C=C2)F,TRUE,Aladdin,Fluorinated biphenyl
4 5 Dimethyl 2 (trimethylsilyl)phenyl trifluoromethanesulfonate,CC1=CC(=C(C=C1C)[Si](C)(C)C)OS(=O)(=O)C(F)(F)F,TRUE,Aladdin,Triflate additive
Methyl 3 (trifluoromethoxy)benzoate,COC(=O)C1=CC(=CC=C1)OC(F)(F)F,TRUE,Aladdin,Fluorinated Ester
Perfluoro alkyl phosphate,FALSE_SMILES_INVALID,TRUE,Aladdin,Phosphate additive
Perflurohexane sulphonyl fluoride(FC 6),C(C(C(C(F)(F)S(=O)(=O)F)(F)F)(F)F)(C(C(F)(F)F)(F)F)(F)F,TRUE,Aladdin,Fluorosulfonyl additive
Nonafluoro 1 butanesulfonyl chloride,C(C(C(F)(F)S(=O)(=O)Cl)(F)F)(C(F)(F)F)(F)F,FALSE,Aladdin,Sulfonyl Chloride; Reactive with Li
Trifluoromethyltrifluoromethanesulfonate,C(OS(=O)(=O)C(F)(F)F)(F)(F)F,TRUE,Aladdin,Triflate additive
1 (Perfluorobut 1 yl)pentane,CCCCCC(C(C(C(F)(F)F)(F)F)(F)F)(F)F,TRUE,Aladdin,Fluorocarbon Solvent
2 [2 (Trifluoromethoxy) hexafluoropropoxy]tetrafluoropropanoic acid,C(=O)(C(C(F)(F)F)(OC(C(C(F)(F)F)(OC(F)(F)F)F)F)F)O (approx structure),FALSE,Aladdin,Acid; Protic/Reactive with Li
1 1 Difluoro 2 iodoethylene,FC(F)=CI,TRUE,Aladdin,Iodinated additive
Perfluoroalkylethyl acrylate,C=CC(=O)OCCC(F)(F)F,TRUE,Aladdin,Fluorinated monomer
3 (Perfluorooctyl)propyl acrylate,C=CC(=O)OCCCC(F)(F)C(F)(F)C(F)(F)C(F)(F)C(F)(F)C(F)(F)C(F)(F)C(F)(F)F,TRUE,Aladdin,Fluorinated monomer
Perfluoro 2 5 dimethyl 3 6 dioxaoctanoic acid,C8HF15O4,FALSE,Aladdin,Acid; Protic/Reactive with Li
Trifluoromethanesulfinic acid,C(F)(F)(F)S(=O)O,FALSE,Aladdin,Acid; Protic/Reactive with Li
2 3 5 6 Tetrafluorotoluene,CC1=C(C(=CC(=C1F)F)F)F,TRUE,Aladdin,Halogenated toluene
1 Methoxy 2 (trifluoromethyl)benzene,COC1=CC=CC=C1C(F)(F)F,TRUE,Aladdin,Fluorinated anisole
4 Fluorophenylacetone,CC(=O)CC1=CC=C(C=C1)F,TRUE,Aladdin,Ketone
Dimethyl Carbonate (DMC),COC(=O)OC,TRUE,Sigma,Standard carbonate solvent
Diethyl Carbonate (DEC),CCOC(=O)OCC,TRUE,Sigma,Standard carbonate solvent
Ethyl Methyl Carbonate (EMC),CCOC(=O)OC,TRUE,Sigma,Standard carbonate solvent
Propylene Carbonate (PC),CC1COC(=O)O1,TRUE,Sigma,Standard carbonate solvent
Ethylene Carbonate (EC),O=C1OCCO1,TRUE,Sigma,Standard carbonate solvent (Melts >36C)
Dipropyl Carbonate,CCCOC(=O)OCCC,TRUE,Sigma,Carbonate solvent
Dibutyl Carbonate,CCCCOC(=O)OCCCC,TRUE,Sigma,Carbonate solvent
Vinylene Carbonate (VC),O=C1OC=CO1,TRUE,Sigma,SEI Additive
Vinyl Ethylene Carbonate (VEC),C=CC1COC(=O)O1,TRUE,Sigma,SEI Additive
Fluoroethylene Carbonate (FEC),O=C1OCC(F)O1,TRUE,Sigma,Fluorinated SEI Additive
Ethyl Acetate,CCOC(C)=O,TRUE,Sigma,Ester solvent
Methyl Acetate,COC(C)=O,TRUE,Sigma,Ester solvent
Propyl Acetate,CCCOC(C)=O,TRUE,Sigma,Ester solvent
Butyl Acetate,CCCCOC(C)=O,TRUE,Sigma,Ester solvent
Methyl Propionate,CCC(=O)OC,TRUE,Sigma,Ester solvent
Ethyl Propionate,CCC(=O)OCC,TRUE,Sigma,Ester solvent
Propyl Propionate,CCC(=O)OCCC,TRUE,Sigma,Ester solvent
Butyl Propionate,CCC(=O)OCCCC,TRUE,Sigma,Ester solvent
Methyl Butyrate,CCCC(=O)OC,TRUE,Sigma,Ester solvent
Ethyl Butyrate,CCCC(=O)OCC,TRUE,Sigma,Ester solvent
Gamma Butyrolactone (GBL),O=C1CCCO1,TRUE,Sigma,Lactone solvent
Delta Valerolactone,O=C1CCCCO1,TRUE,Sigma,Lactone solvent
Epsilon Caprolactone,O=C1CCCCCO1,TRUE,Sigma,Lactone solvent
Dimethoxyethane (DME),COCCOC,TRUE,Sigma,Ether solvent
Diethoxyethane,CCOCC,TRUE,Sigma,Ether solvent
Diglyme,COCCOCCOC,TRUE,Sigma,Glyme solvent
Triglyme,COCCOCCOCCOC,TRUE,Sigma,Glyme solvent
Tetraglyme,COCCOCCOCCOCCOC,TRUE,Sigma,Glyme solvent
1 4 Dioxane,C1COCCO1,TRUE,Sigma,Cyclic ether
1 3 Dioxolane,C1COCO1,TRUE,Sigma,Cyclic ether (SEI former)
Tetrahydrofuran (THF),C1CCOC1,TRUE,Sigma,Common ether
2 Methyltetrahydrofuran,CC1CCCO1,TRUE,Sigma,Ether solvent
Acetonitrile,CC#N,TRUE,Sigma,High voltage solvent
Propionitrile,CCC#N,TRUE,Sigma,Nitrile solvent
Butyronitrile,CCCC#N,TRUE,Sigma,Nitrile solvent
Valeronitrile,CCCCC#N,TRUE,Sigma,Nitrile solvent
Benzonitrile,N#Cc1ccccc1,TRUE,Sigma,Aromatic nitrile
Adiponitrile,N#CCCCCC#N,TRUE,Sigma,Dinitrile solvent
Glutaronitrile,N#CCCCC#N,TRUE,Sigma,Dinitrile solvent
Succinonitrile,N#CCCC#N,TRUE,Sigma,Solid/Liquid Dinitrile
Dimethyl Sulfoxide (DMSO),CS(=O)C,TRUE,Sigma,Sulfoxide solvent
Dimethyl Sulfone,CS(=O)(=O)C,TRUE,Sigma,High T solvent (Solid at RT)
Sulfolane,O=S1(=O)CCCC1,TRUE,Sigma,Stable high voltage solvent
Ethyl Methyl Sulfone,CCS(=O)(=O)C,TRUE,Sigma,Sulfone solvent
Ethylene Sulfite,O=S1OCCO1,TRUE,Sigma,Additive
Propylene Sulfite,CC1COS(=O)O1,TRUE,Sigma,Additive
1 3 Propane Sultone,O=S1(=O)CCCO1,TRUE,Sigma,SEI Additive
1 4 Butane Sultone,O=S1(=O)CCCCO1,TRUE,Sigma,SEI Additive
Dimethyl Sulfate,COS(=O)(=O)OC,TRUE,Sigma,Methylating agent/Solvent
Diethyl Sulfate,CCOS(=O)(=O)OCC,TRUE,Sigma,Ethylating agent/Solvent
Toluene,Cc1ccccc1,TRUE,Sigma,Aromatic solvent
o Xylene,Cc1ccccc1C,TRUE,Sigma,Aromatic solvent
m Xylene,Cc1cccc(C)c1,TRUE,Sigma,Aromatic solvent
p Xylene,Cc1ccc(C)cc1,TRUE,Sigma,Aromatic solvent
Mesitylene,Cc1cc(C)cc(C)c1,TRUE,Sigma,Aromatic solvent
Hexane,CCCCCC,TRUE,Sigma,Alkane solvent
Heptane,CCCCCCC,TRUE,Sigma,Alkane solvent
Cyclohexane,C1CCCCC1,TRUE,Sigma,Cyclic alkane
Methylcyclohexane,CC1CCCCC1,TRUE,Sigma,Cyclic alkane
Fluorobenzene,Fc1ccccc1,TRUE,Sigma,Stable solvent
1 2 Difluorobenzene,Fc1c(F)cccc1,TRUE,Sigma,Stable solvent
1 3 Difluorobenzene,Fc1cccc(F)c1,TRUE,Sigma,Stable solvent
1 2 4 Trifluorobenzene,Fc1c(F)cc(F)cc1,TRUE,Sigma,Stable solvent
Chlorobenzene,Clc1ccccc1,TRUE,Sigma,Halogenated solvent
1 2 Dichlorobenzene,Clc1c(Cl)cccc1,TRUE,Sigma,Halogenated solvent
Trifluorotoluene,FC(F)(F)c1ccccc1,TRUE,Sigma,Stable solvent
Nitrobenzene,O=[N+]([O-])c1ccccc1,FALSE,Sigma,Nitro group (Reactive with Li)
N Methylpyrrolidone (NMP),CN1CCCC1=O,FALSE,Sigma,Amide (Reactive with Li)
Dimethylformamide (DMF),CN(C)C=O,FALSE,Sigma,Amide (Reactive with Li)
Dimethylacetamide (DMAc),CC(=O)N(C)C,FALSE,Sigma,Amide (Reactive with Li)
Hexamethylphosphoramide (HMPA),CN(C)P(=O)(N(C)C)N(C)C,FALSE,Sigma,Toxic/Reactive
1 3 Dimethyl 2 imidazolidinone (DMI),CN1CCN(C)C1=O,FALSE,Sigma,Urea derivative
1 3 Dimethyl 3 4 5 6 tetrahydro 2(1H) pyrimidinone (DMPU),CN1CCCN(C)C1=O,FALSE,Sigma,Urea derivative
Trimethyl Phosphate,COP(=O)(OC)OC,TRUE,Sigma,Flame retardant solvent
Triethyl Phosphate,CCOP(=O)(OCC)OCC,TRUE,Sigma,Flame retardant solvent
Tributyl Phosphate,CCCCOP(=O)(OCCCC)OCCCC,TRUE,Sigma,Solvent
Triphenyl Phosphate,O=P(Oc1ccccc1)(Oc2ccccc2)Oc3ccccc3,TRUE,Sigma,Flame retardant
BMIM TFSI,CCCCn1cc[n+](c1)C.C(F)(F)(F)S(=O)(=O)[N-]S(=O)(=O)C(F)(F)F,TRUE,Sigma,Ionic Liquid
EMIM TFSI,CCn1cc[n+](c1)C.C(F)(F)(F)S(=O)(=O)[N-]S(=O)(=O)C(F)(F)F,TRUE,Sigma,Ionic Liquid
PYR14 TFSI,CCCC[n+]1cccc1.C(F)(F)(F)S(=O)(=O)[N-]S(=O)(=O)C(F)(F)F,TRUE,Sigma,Ionic Liquid (Pyrrolidinium)
PP13 TFSI,CCC[n+]1ccccc1.C(F)(F)(F)S(=O)(=O)[N-]S(=O)(=O)C(F)(F)F,TRUE,Sigma,Ionic Liquid (Piperidinium)
Methoxybenzene (Anisole),COc1ccccc1,TRUE,Sigma,Ether solvent
Ethotxybenzene (Phenetole),CCOc1ccccc1,TRUE,Sigma,Ether solvent
1 2 Diethoxyethane,CCOCCOCC,TRUE,Sigma,Ether solvent
Di n butyl ether,CCCCOCCCC,TRUE,Sigma,Ether solvent
Di tert butyl ether,CC(C)(C)OC(C)(C)C,TRUE,Sigma,Ether solvent
Methyl tert butyl ether (MTBE),COC(C)(C)C,TRUE,Sigma,Ether solvent
Cyclopentyl methyl ether (CPME),COC1CCCC1,TRUE,Sigma,Ether solvent
Diisopropyl ether,CC(C)OC(C)C,TRUE,Sigma,Ether solvent
Furan,C=1C=COC=1,TRUE,Sigma,Cyclic ether (Reactive)
2 5 Dimethylfuran,CC1=CC=C(O1)C,TRUE,Sigma,Cyclic ether
Thiophene,c1ccsc1,TRUE,Sigma,Sulfur heterocycle
Pyridine,c1ccncc1,TRUE,Sigma,Nitrogen heterocycle
Tetrahydropyran,C1CCOCC1,TRUE,Sigma,Cyclic ether
1 3 Dioxane,C1COCOC1,TRUE,Sigma,Cyclic ether
4 Methyl 1 3 dioxolan 2 one (PC isomer),CC1COC(=O)O1,TRUE,Sigma,Carbonate
Bis(2 2 2 trifluoroethyl) carbonate,O=C(OCC(F)(F)F)OCC(F)(F)F,TRUE,Sigma,Fluorinated Carbonate
Methyl 2 2 2 trifluoroethyl carbonate,COC(=O)OCC(F)(F)F,TRUE,Sigma,Fluorinated Carbonate
Ethyl 2 2 2 trifluoroethyl carbonate,CCOC(=O)OCC(F)(F)F,TRUE,Sigma,Fluorinated Carbonate
Propyl 2 2 2 trifluoroethyl carbonate,CCCOC(=O)OCC(F)(F)F,TRUE,Sigma,Fluorinated Carbonate
Di 2 2 2 trifluoroethyl carbonate,O=C(OCC(F)(F)F)OCC(F)(F)F,TRUE,Sigma,Fluorinated Carbonate
1 1 2 2 Tetrafluoroethyl 2 2 2 trifluoroethyl ether,FC(F)C(F)(F)OCC(F)(F)F,TRUE,Sigma,HFE
Bis(2 2 2 trifluoroethyl) ether,FC(F)(F)COCC(F)(F)F,TRUE,Sigma,HFE
Perfluorohexane,C(C(C(C(C(F)(F)F)(F)F)(F)F)(F)F)(F)F,TRUE,Sigma,Fluorocarbon
Perfluoroheptane,C(C(C(C(C(C(F)(F)F)(F)F)(F)F)(F)F)(F)F)(F)F,TRUE,Sigma,Fluorocarbon
Perfluorodecalin,C1(C(C(C(C(C1(F)F)(F)F)(F)F)(F)F)(F)F)(C(C(C(C(C2(F)F)(F)F)(F)F)(F)F)(F)F)F (approx),TRUE,Sigma,Fluorocarbon
Perfluoromethylcyclohexane,C1(C(C(C(C(C1(F)F)(F)F)(F)F)(F)F)(F)F)(F)C(F)(F)F,TRUE,Sigma,Fluorocarbon
Benzotrifluoride,FC(F)(F)c1ccccc1,TRUE,Sigma,Solvent
4 Chlorobenzotrifluoride,FC(F)(F)c1ccc(Cl)cc1,TRUE,Sigma,Solvent
2 4 Dichlorobenzotrifluoride,FC(F)(F)c1c(Cl)cc(Cl)cc1,TRUE,Sigma,Solvent
3 Chlorobenzotrifluoride,FC(F)(F)c1cccc(Cl)c1,TRUE,Sigma,Solvent
1 2 4 Trichlorobenzene,Clc1cc(Cl)c(Cl)cc1,TRUE,Sigma,High boiling solvent
Decalin,C1CCC2CCCCC2C1,TRUE,Sigma,Bicyclic alkane
Tetralin,c1cccc2CCCCc12,TRUE,Sigma,Aromatic solvent
Nitroethane,CC[N+](=O)[O-],FALSE,Sigma,Nitro compound
1 Nitropropane,CCC[N+](=O)[O-],FALSE,Sigma,Nitro compound
2 Nitropropane,CC(C)[N+](=O)[O-],FALSE,Sigma,Nitro compound
Nitromethane,C[N+](=O)[O-],FALSE,Sigma,Nitro compound
Formamide,NC=O,FALSE,Sigma,Amide
Diethylformamide,CCN(CC)C=O,FALSE,Sigma,Amide
Hexamethyldisiloxane (HMDS),C[Si](C)(C)O[Si](C)(C)C,TRUE,Sigma,Siloxane solvent
Octamethyltrisiloxane,C[Si](C)(C)O[Si](C)(C)O[Si](C)(C)C,TRUE,Sigma,Siloxane
Decamethyltetrasiloxane,C[Si](C)(C)O[Si](C)(C)O[Si](C)(C)O[Si](C)(C)O[Si](C)(C)C,TRUE,Sigma,Siloxane
Dodecamethylpentasiloxane,C[Si](C)(C)O[Si](C)(C)O[Si](C)(C)O[Si](C)(C)O[Si](C)(C)O[Si](C)(C)C,TRUE,Sigma,Siloxane
Cyclomethicone (D4),C[Si]1(C)O[Si](C)(C)O[Si](C)(C)O[Si](C)(C)O1,TRUE,Sigma,Siloxane
Cyclomethicone (D5),C[Si]1(C)O[Si](C)(C)O[Si](C)(C)O[Si](C)(C)O1,TRUE,Sigma,Siloxane
1 2 Dichloropropane,CC(Cl)CCl,FALSE,Sigma,Halogenated
1 2 Dichloroethane (DCE),ClCCCl,FALSE,Sigma,Halogenated
Trichloroethylene,ClC=C(Cl)Cl,FALSE,Sigma,Halogenated
Tetrachloroethylene,ClC(Cl)=C(Cl)Cl,FALSE,Sigma,Halogenated
Carbon Tetrachloride,C(Cl)(Cl)(Cl)Cl,FALSE,Sigma,Halogenated
Chloroform,ClC(Cl)Cl,FALSE,Sigma,Halogenated (Protic)
Dichloromethane (DCM),ClCCl,FALSE,Sigma,Halogenated
1 1 1 Trichloroethane,CC(Cl)(Cl)Cl,FALSE,Sigma,Halogenated
Pentane,CCCCC,TRUE,Sigma,Alkane
Isopentane,CC(C)CC,TRUE,Sigma,Alkane
Neopentane,CC(C)(C)C,TRUE,Sigma,Alkane
Cyclopentane,C1CCCC1,TRUE,Sigma,Cyclic alkane
Ethylbenzene,CCc1ccccc1,TRUE,Sigma,Aromatic
Propylbenzene,CCCc1ccccc1,TRUE,Sigma,Aromatic
Cumene (Isopropylbenzene),CC(C)c1ccccc1,TRUE,Sigma,Aromatic
Butylbenzene,CCCCc1ccccc1,TRUE,Sigma,Aromatic
Isobutylbenzene,CC(C)Cc1ccccc1,TRUE,Sigma,Aromatic
sec Butylbenzene,CCC(C)c1ccccc1,TRUE,Sigma,Aromatic
tert Butylbenzene,CC(C)(C)c1ccccc1,TRUE,Sigma,Aromatic
Styrene,C=Cc1ccccc1,TRUE,Sigma,Monomer/Solvent
Alpha Methylstyrene,CC(=C)c1ccccc1,TRUE,Sigma,Monomer
Diethyl ketone,CCC(=O)CC,TRUE,Sigma,Ketone
Diisopropyl ketone,CC(C)C(=O)C(C)C,TRUE,Sigma,Ketone
Methyl isobutyl ketone (MIBK),CC(C)CC(=O)C,TRUE,Sigma,Ketone
Methyl ethyl ketone (MEK),CCC(=O)C,TRUE,Sigma,Ketone
Cyclohexanone,O=C1CCCCC1,TRUE,Sigma,Ketone
Cyclopentanone,O=C1CCCC1,TRUE,Sigma,Ketone
Acetophenone,CC(=O)c1ccccc1,TRUE,Sigma,Ketone
Benzophenone,O=C(c1ccccc1)c1ccccc1,TRUE,Sigma,Ketone (Solid?)
2 Pentanone,CCCC(=O)C,TRUE,Sigma,Ketone
3 Pentanone,CCC(=O)CC,TRUE,Sigma,Ketone
2 Hexanone,CCCCC(=O)C,TRUE,Sigma,Ketone
3 Hexanone,CCCC(=O)CC,TRUE,Sigma,Ketone
Pinacolone,CC(C)(C)C(=O)C,TRUE,Sigma,Ketone
Di n propyl ether,CCCOCCC,TRUE,Sigma,Ether
Di n amyl ether,CCCCCOCCCCC,TRUE,Sigma,Ether
Methyl phenyl ether (Anisole),COc1ccccc1,TRUE,Sigma,Ether
Ethyl phenyl ether (Phenetole),CCOc1ccccc1,TRUE,Sigma,Ether
Diphenyl ether,c1ccc(Oc2ccccc2)cc1,TRUE,Sigma,Ether (Solid/Liquid MP 26C)
Dibenzyl ether,c1ccc(COc2ccccc2)cc1,TRUE,Sigma,Ether
Bis(2 methoxyethyl) ether (Diglyme),COCCOCCOC,TRUE,Sigma,Glyme
1 2 Bis(2 methoxyethoxy)ethane (Triglyme),COCCOCCOCCOC,TRUE,Sigma,Glyme
2 5 8 11 14 Pentaoxapentadecane (Tetraglyme),COCCOCCOCCOCCOC,TRUE,Sigma,Glyme
Crown ether 15 crown 5,C1COCCOCCOCCOCCO1,TRUE,Sigma,Complexing agent
Crown ether 18 crown 6,C1COCCOCCOCCOCCOCCO1,TRUE,Sigma,Complexing agent
1 3 Dioxane,C1COCOC1,TRUE,Sigma,Cyclic ether
4 Methyl 1 3 dioxane,CC1COCOC1,TRUE,Sigma,Cyclic ether
Epichlorohydrin,C1C(O1)CCl,FALSE,Sigma,Reactive epoxide
Propylene oxide,CC1CO1,FALSE,Sigma,Reactive epoxide
Styrene oxide,C1C(O1)c2ccccc2,FALSE,Sigma,Reactive epoxide
1 2 Epoxybutane,CCC1CO1,FALSE,Sigma,Reactive epoxide
Diethyl Malonate,CCOC(=O)CC(=O)OCC,TRUE,Sigma,Diester
Dimethyl Malonate,COC(=O)CC(=O)OC,TRUE,Sigma,Diester
Diethyl Succinate,CCOC(=O)CCC(=O)OCC,TRUE,Sigma,Diester
Dimethyl Succinate,COC(=O)CCC(=O)OC,TRUE,Sigma,Diester
Diethyl Glutarate,CCOC(=O)CCCC(=O)OCC,TRUE,Sigma,Diester
Dimethyl Glutarate,COC(=O)CCCC(=O)OC,TRUE,Sigma,Diester
Diethyl Adipate,CCOC(=O)CCCCC(=O)OCC,TRUE,Sigma,Diester
Dimethyl Adipate,COC(=O)CCCCC(=O)OC,TRUE,Sigma,Diester
Diethyl Phthalate,CCOC(=O)c1ccccc1C(=O)OCC,TRUE,Sigma,Plasticizer/Solvent
Dimethyl Phthalate,COC(=O)c1ccccc1C(=O)OC,TRUE,Sigma,Plasticizer/Solvent
Dibutyl Phthalate,CCCCOC(=O)c1ccccc1C(=O)OCCCC,TRUE,Sigma,Plasticizer/Solvent
Benzyl Benzoate,O=C(OCc1ccccc1)c2ccccc2,TRUE,Sigma,High boiling solvent
Ethyl Benzoate,CCOC(=O)c1ccccc1,TRUE,Sigma,Ester
Methyl Benzoate,COC(=O)c1ccccc1,TRUE,Sigma,Ester
Isopropyl Benzoate,CC(C)OC(=O)c1ccccc1,TRUE,Sigma,Ester
Butyl Benzoate,CCCCOC(=O)c1ccccc1,TRUE,Sigma,Ester
Isoamyl Acetate,CC(C)CCOC(C)=O,TRUE,Sigma,Ester
Benzyl Acetate,CC(=O)OCc1ccccc1,TRUE,Sigma,Ester
Ethyl Formate,CCOC=O,TRUE,Sigma,Ester
Methyl Formate,COC=O,TRUE,Sigma,Ester
Propyl Formate,CCCOC=O,TRUE,Sigma,Ester
Butyl Formate,CCCCOC=O,TRUE,Sigma,Ester
Isobutyl Formate,CC(C)COC=O,TRUE,Sigma,Ester
Ethyl Lactate,CCOC(=O)C(O)C,FALSE,Sigma,Alcoholic Ester (Protic)
Methyl Lactate,COC(=O)C(O)C,FALSE,Sigma,Alcoholic Ester (Protic)
Butyl Lactate,CCCCOC(=O)C(O)C,FALSE,Sigma,Alcoholic Ester (Protic)
Triacetin,CC(=O)OCC(COC(C)=O)OC(C)=O,TRUE,Sigma,Glycerol triacetate
Tributyrin,CCCC(=O)OCC(COC(=O)CCC)OC(=O)CCC,TRUE,Sigma,Glycerol tributyrate
Propylene Glycol Diacetate,CC(OC(C)=O)COC(C)=O,TRUE,Sigma,Di-ester
Ethylene Glycol Diacetate,CC(=O)OCCOC(C)=O,TRUE,Sigma,Di-ester
Dimethyl Oxalate,COC(=O)C(=O)OC,TRUE,Sigma,Diester
Diethyl Oxalate,CCOC(=O)C(=O)OCC,TRUE,Sigma,Diester
Trimethyl Borate,COB(OC)OC,TRUE,Sigma,Borate ester
Triethyl Borate,CCOB(OCC)OCC,TRUE,Sigma,Borate ester
Triisopropyl Borate,CC(C)OB(OC(C)C)OC(C)C,TRUE,Sigma,Borate ester
Tributyl Borate,CCCCOB(OCCCC)OCCCC,TRUE,Sigma,Borate ester
Triethyl Phosphite,CCOP(OCC)OCC,TRUE,Sigma,Phosphite
Trimethyl Phosphite,COP(OC)OC,TRUE,Sigma,Phosphite
Tributyl Phosphite,CCCCOP(OCCCC)OCCCC,TRUE,Sigma,Phosphite
Triphenyl Phosphite,c1ccc(Oc2ccccc2)OP(Oc3ccccc3)Oc4ccccc4,TRUE,Sigma,Phosphite
1 Methylimidazole,Cn1ccnc1,TRUE,Sigma,Heterocycle
1 Ethyl 3 methylimidazolium chloride,CCn1cc[n+](c1)C.[Cl-],TRUE,Sigma,Ionic Liquid
1 Butyl 3 methylimidazolium chloride,CCCCn1cc[n+](c1)C.[Cl-],TRUE,Sigma,Ionic Liquid
1 Ethyl 3 methylimidazolium tetrafluoroborate,CCn1cc[n+](c1)C.F[B-](F)(F)F,TRUE,Sigma,Ionic Liquid
1 Butyl 3 methylimidazolium tetrafluoroborate,CCCCn1cc[n+](c1)C.F[B-](F)(F)F,TRUE,Sigma,Ionic Liquid
1 Ethyl 3 methylimidazolium hexafluorophosphate,CCn1cc[n+](c1)C.F[P-](F)(F)(F)(F)F,TRUE,Sigma,Ionic Liquid
1 Butyl 3 methylimidazolium hexafluorophosphate,CCCCn1cc[n+](c1)C.F[P-](F)(F)(F)(F)F,TRUE,Sigma,Ionic Liquid
N Butyl N methylpyrrolidinium bis(trifluoromethylsulfonyl)imide,CCCC[N+]1(C)CCCC1.C(F)(F)(F)S(=O)(=O)[N-]S(=O)(=O)C(F)(F)F,TRUE,Sigma,Ionic Liquid
N Methyl N propylpyrrolidinium bis(trifluoromethylsulfonyl)imide,CCC[N+]1(C)CCCC1.C(F)(F)(F)S(=O)(=O)[N-]S(=O)(=O)C(F)(F)F,TRUE,Sigma,Ionic Liquid
Nitrobenzene,O=[N+]([O-])c1ccccc1,FALSE,Sigma,Reactive with Li
2 Nitrotoluene,CC1=CC=CC=C1[N+](=O)[O-],FALSE,Sigma,Reactive with Li
3 Nitrotoluene,CC1=CC(=CC=C1)[N+](=O)[O-],FALSE,Sigma,Reactive with Li
4 Nitrotoluene,CC1=CC=C(C=C1)[N+](=O)[O-],FALSE,Sigma,Reactive with Li
1 Chloro 4 nitrobenzene,C1=CC(=CC=C1[N+](=O)[O-])Cl,FALSE,Sigma,Reactive with Li
Tetramethylurea,CN(C)C(=O)N(C)C,TRUE,Sigma,Urea
Tetraethylurea,CCN(CC)C(=O)N(CC)CC,TRUE,Sigma,Urea
Dimethyl Sulfide,CSC,TRUE,Sigma,Sulfide
Diethyl Sulfide,CCSCC,TRUE,Sigma,Sulfide
Dipropyl Sulfide,CCCSCCC,TRUE,Sigma,Sulfide
Dibutyl Sulfide,CCCCSCCCC,TRUE,Sigma,Sulfide
Carbon Disulfide,S=C=S,FALSE,Sigma,Reactive
Thionyl Chloride,ClS(=O)Cl,FALSE,Sigma,Reactive chloride
Sulfuryl Chloride,O=S(=O)(Cl)Cl,FALSE,Sigma,Reactive chloride
Phosphorus Trichloride,ClP(Cl)Cl,FALSE,Sigma,Reactive chloride
Phosphorus Oxychloride,O=P(Cl)(Cl)Cl,FALSE,Sigma,Reactive chloride
Acetyl Chloride,CC(=O)Cl,FALSE,Sigma,Reactive chloride
Benzoyl Chloride,c1ccc(cc1)C(=O)Cl,FALSE,Sigma,Reactive chloride
Acetic Anhydride,CC(=O)OC(C)=O,TRUE,Sigma,Anhydride
Propionic Anhydride,CCC(=O)OC(=O)CC,TRUE,Sigma,Anhydride
Butyric Anhydride,CCCC(=O)OC(=O)CCC,TRUE,Sigma,Anhydride
Trifluoroacetic Anhydride,FC(F)(F)C(=O)OC(=O)C(F)(F)F,TRUE,Sigma,Anhydride
Diethylamine,CCNCC,FALSE,Sigma,Amine (Protic)
Triethylamine,CCN(CC)CC,FALSE,Sigma,Amine (Reactive?)
Diisopropylamine,CC(C)NCC(C)C,FALSE,Sigma,Amine (Protic)
Diisopropylethylamine (DIPEA),CCN(C(C)C)C(C)C,FALSE,Sigma,Amine
Pyridine,c1ccncc1,TRUE,Sigma,Heterocycle
2 6 Lutidine,CC1=NC(=CC=C1)C,TRUE,Sigma,Heterocycle
2 4 6 Collidine,CC1=CC(=NC(=C1)C)C,TRUE,Sigma,Heterocycle
Piperidine,C1CCNCC1,FALSE,Sigma,Amine (Protic)
Morpholine,C1COCCN1,FALSE,Sigma,Amine (Protic)
N Methylmorpholine,CN1CCOCC1,TRUE,Sigma,Amine
Quinoline,c1ccc2ncccc2c1,TRUE,Sigma,Heterocycle
Isoquinoline,c1ccc2cnccc2c1,TRUE,Sigma,Heterocycle
Acrylonitrile,C=CC#N,TRUE,Sigma,Monomer/Solvent
Methacrylonitrile,CC(=C)C#N,TRUE,Sigma,Monomer
Allyl Alcohol,C=CCO,FALSE,Sigma,Alcohol
Propargyl Alcohol,C#CCO,FALSE,Sigma,Alcohol
Benzyl Alcohol,c1ccccc1CO,FALSE,Sigma,Alcohol
Ethylene Glycol,OCCO,FALSE,Sigma,Alcohol
Propylene Glycol,CC(O)CO,FALSE,Sigma,Alcohol
Glycerol,OCC(O)CO,FALSE,Sigma,Alcohol
Phenol,Oc1ccccc1,FALSE,Sigma,Alcohol/Acidic
Cresol (m ),Cc1cccc(O)c1,FALSE,Sigma,Alcohol
Formic Acid,OC=O,FALSE,Sigma,Acid
Acetic Acid,CC(=O)O,FALSE,Sigma,Acid
Propionic Acid,CCC(=O)O,FALSE,Sigma,Acid
Butyric Acid,CCCC(=O)O,FALSE,Sigma,Acid
Benzoic Acid,O=C(O)c1ccccc1,FALSE,Sigma,Acid (Solid)
Methanesulfonic Acid,CS(=O)(=O)O,FALSE,Sigma,Acid
Sulfuric Acid,OS(=O)(=O)O,FALSE,Sigma,Acid
Nitric Acid,O=[N+]([O-])O,FALSE,Sigma,Acid
Hydrochloric Acid,Cl,FALSE,Sigma,Acid
Cyclooctane,C1CCCCCCC1,TRUE,Sigma,Alkane
Cycloheptane,C1CCCCCC1,TRUE,Sigma,Alkane
Methylcyclopentane,CC1CCCC1,TRUE,Sigma,Alkane
2 2 4 Trimethylpentane (Isooctane),CC(C)CC(C)(C)C,TRUE,Sigma,Alkane
Decane,CCCCCCCCCC,TRUE,Sigma,Alkane
Dodecane,CCCCCCCCCCCC,TRUE,Sigma,Alkane
Tetradecane,CCCCCCCCCCCCCC,TRUE,Sigma,Alkane
Hexadecane,CCCCCCCCCCCCCCCC,TRUE,Sigma,Alkane
Nitrobenzene,O=[N+]([O-])c1ccccc1,FALSE,Sigma,Nitro
1 2 Dinitrobenzene,O=[N+]([O-])c1ccccc1[N+](=O)[O-],FALSE,Sigma,Nitro
1 3 Dinitrobenzene,O=[N+]([O-])c1cccc([N+](=O)[O-])c1,FALSE,Sigma,Nitro
1 4 Dinitrobenzene,O=[N+]([O-])c1ccc([N+](=O)[O-])cc1,FALSE,Sigma,Nitro
Furfural,O=Cc1occc1,FALSE,Sigma,Aldehyde (Reactive)
Benzaldehyde,O=Cc1ccccc1,FALSE,Sigma,Aldehyde (Reactive)
Anisaldehyde,COc1ccc(C=O)cc1,FALSE,Sigma,Aldehyde (Reactive)
Vanillin,COc1cc(C=O)ccc1O,FALSE,Sigma,Aldehyde (Protic)
Cinnamaldehyde,O=CC=Cc1ccccc1,FALSE,Sigma,Aldehyde
Acetone,CC(=O)C,TRUE,Sigma,Ketone (Can polymerize on Li)
Acetylacetone,CC(=O)CC(=O)C,TRUE,Sigma,Diketone
Chloroacetone,CC(=O)CCl,FALSE,Sigma,Reactive halide
Bromoacetone,CC(=O)CBr,FALSE,Sigma,Reactive halide
Methyl Vinyl Ketone,C=CC(=O)C,TRUE,Sigma,Enone
Isophorone,CC1=CC(=O)CC(C)(C)C1,TRUE,Sigma,Enone
Mesityl Oxide,CC(=CC(=O)C)C,TRUE,Sigma,Enone
Diacetone Alcohol,CC(C)(O)CC(=O)C,FALSE,Sigma,Alcohol
2 Methoxyethanol,COCCO,FALSE,Sigma,Alcohol
2 Ethoxyethanol,CCOCCO,FALSE,Sigma,Alcohol
2 Butoxyethanol,CCCCOCCO,FALSE,Sigma,Alcohol
1 Methoxy 2 propanol,CC(O)COC,FALSE,Sigma,Alcohol
Ethyl Vinyl Ether,CCOC=C,TRUE,Sigma,Vinyl Ether
Butyl Vinyl Ether,CCCCOC=C,TRUE,Sigma,Vinyl Ether
Isobutyl Vinyl Ether,CC(C)COC=C,TRUE,Sigma,Vinyl Ether
2 Chloroethyl Vinyl Ether,C=COCCCl,TRUE,Sigma,Vinyl Ether
Allyl Glycidyl Ether,C=CCOCC1CO1,TRUE,Sigma,Epoxide
Butyl Glycidyl Ether,CCCCOCC1CO1,TRUE,Sigma,Epoxide
Phenyl Glycidyl Ether,c1ccc(OCC2CO2)cc1,TRUE,Sigma,Epoxide
Styrene,C=Cc1ccccc1,TRUE,Sigma,Monomer
Divinylbenzene,C=Cc1ccc(C=C)cc1,TRUE,Sigma,Monomer
Alpha Pinene,CC1=CCC2CC1C2(C)C,TRUE,Sigma,Terpene
Beta Pinene,C=C1CCC2CC1C2(C)C,TRUE,Sigma,Terpene
Limonene,CC1=CCC(CC1)C(=C)C,TRUE,Sigma,Terpene
Camphene,C=C1C2CCC(C2)C1(C)C,TRUE,Sigma,Terpene
Myrcene,CC(=CCCC(=C)C=C)C,TRUE,Sigma,Terpene
Cymene (p ),CC(C)c1ccc(C)cc1,TRUE,Sigma,Terpene
Terpinolene,CC1=CCC(=C(C)C)CC1,TRUE,Sigma,Terpene
1 8 Cineole (Eucalyptol),CC12CCC(CC1)O2(C)C (Approx),TRUE,Sigma,Terpene ether
Menthol,CC(C)C1CCC(C)CC1O,FALSE,Sigma,Alcohol
Camphor,CC1(C)C2CCC1(C)C(=O)C2,TRUE,Sigma,Ketone
Borneol,CC1(C)C2CCC1(C)C(O)C2,FALSE,Sigma,Alcohol
Isoborneol,CC1(C)C2CCC1(C)C(O)C2,FALSE,Sigma,Alcohol
Tetrahydrofurfuryl Alcohol,C1CCOC1CO,FALSE,Sigma,Alcohol
Furfuryl Alcohol,OCc1occc1,FALSE,Sigma,Alcohol
2 Mercaptoethanol,OCcS,FALSE,Sigma,Thiol/Alcohol
Thioglycolic Acid,OC(=O)CS,FALSE,Sigma,Acid/Thiol
Mercaptopropionic Acid,OC(=O)CCS,FALSE,Sigma,Acid/Thiol
Ethanethiol,CCS,FALSE,Sigma,Thiol
Propanethiol,CCCS,FALSE,Sigma,Thiol
Butanethiol,CCCCS,FALSE,Sigma,Thiol
Thiophenol,Sc1ccccc1,FALSE,Sigma,Thiol
Benzyl Mercaptan,SCc1ccccc1,FALSE,Sigma,Thiol
Carbon Disulfide,S=C=S,FALSE,Sigma,Reactive
Dimethyl Sulfoxide (DMSO),CS(=O)C,TRUE,Sigma,Sulfoxide
Diethyl Sulfoxide,CCS(=O)CC,TRUE,Sigma,Sulfoxide
Diphenyl Sulfone,O=S(=O)(c1ccccc1)c1ccccc1,TRUE,Sigma,Sulfone (Solid)
Dibenzyl Sulfone,O=S(=O)(Cc1ccccc1)Cc1ccccc1,TRUE,Sigma,Sulfone
Methyl Phenyl Sulfone,CS(=O)(=O)c1ccccc1,TRUE,Sigma,Sulfone
Vinyl Sulfone,C=CS(=O)(=O)C=C,TRUE,Sigma,Sulfone
Divinyl Sulfone,C=CS(=O)(=O)C=C,TRUE,Sigma,Sulfone
Allyl Sulfone,C=CCS(=O)(=O)CC=C,TRUE,Sigma,Sulfone
Methyl Methacrylate,CC(=C)C(=O)OC,TRUE,Sigma,Monomer
Ethyl Methacrylate,CC(=C)C(=O)OCC,TRUE,Sigma,Monomer
Butyl Methacrylate,CC(=C)C(=O)OCCCC,TRUE,Sigma,Monomer
Isobutyl Methacrylate,CC(=C)C(=O)OCC(C)C,TRUE,Sigma,Monomer
tert Butyl Methacrylate,CC(=C)C(=O)OC(C)(C)C,TRUE,Sigma,Monomer
Benzyl Methacrylate,CC(=C)C(=O)OCc1ccccc1,TRUE,Sigma,Monomer
Glycidyl Methacrylate,CC(=C)C(=O)OCC1CO1,TRUE,Sigma,Monomer
Hydroxyethyl Methacrylate (HEMA),CC(=C)C(=O)OCCO,FALSE,Sigma,Alcohol
Hydroxypropyl Methacrylate (HPMA),CC(=C)C(=O)OCC(O)C,FALSE,Sigma,Alcohol
Acrylic Acid,C=CC(=O)O,FALSE,Sigma,Acid
Methacrylic Acid,CC(=C)C(=O)O,FALSE,Sigma,Acid
Acrylamide,C=CC(=O)N,FALSE,Sigma,Amide (Solid/Reactive)
N N Dimethylacrylamide,CN(C)C(=O)C=C,TRUE,Sigma,Monomer
N Isopropylacrylamide,CC(C)NC(=O)C=C,FALSE,Sigma,Amide
Diacetone Acrylamide,CC(C)(CC(=O)C)NC(=O)C=C,FALSE,Sigma,Amide
2 Acrylamido 2 methylpropanesulfonic acid (AMPS),CC(C)(CS(=O)(=O)O)NC(=O)C=C,FALSE,Sigma,Acid
Vinyl Acetate,CC(=O)OC=C,TRUE,Sigma,Monomer
Vinyl Propionate,CCC(=O)OC=C,TRUE,Sigma,Monomer
Vinyl Butyrate,CCCC(=O)OC=C,TRUE,Sigma,Monomer
Vinyl Benzoate,c1ccccc1C(=O)OC=C,TRUE,Sigma,Monomer
Vinyl Chloride,C=CCl,FALSE,Sigma,Gas/Reactive
Vinylidene Chloride,C=C(Cl)Cl,FALSE,Sigma,Liquid
Vinyl Fluoride,C=CF,FALSE,Sigma,Gas
Vinylidene Fluoride,C=C(F)F,FALSE,Sigma,Gas
Tetrafluoroethylene,FC(F)=C(F)F,FALSE,Sigma,Gas
Chlorotrifluoroethylene,FC(F)=C(F)Cl,FALSE,Sigma,Gas
Hexafluoropropylene,FC(F)=C(F)C(F)(F)F,FALSE,Sigma,Gas
Perfluorobutadiene,FC(F)=C(F)C(F)=C(F)F,FALSE,Sigma,Gas
Perfluorobenzene,Fc1c(F)c(F)c(F)c(F)c1F,TRUE,Sigma,Solvent
Perfluorotoluene,FC(F)(F)c1c(F)c(F)c(F)c(F)c1F,TRUE,Sigma,Solvent
Octafluorotoluene,FC(F)(F)c1c(F)c(F)c(F)c(F)c1F,TRUE,Sigma,Solvent
Pentafluoropyridine,Fc1nc(F)c(F)c(F)c1F,TRUE,Sigma,Heterocycle
2 2 2 Trifluoroethanol (TFE),OCC(F)(F)F,FALSE,Sigma,Alcohol
2 2 3 3 Tetrafluoropropanol (TFP),OCC(F)(F)C(F)F,FALSE,Sigma,Alcohol
Isopropyl Acetate,CC(C)OC(C)=O,TRUE,Sigma,Ester solvent
Isobutyl Acetate,CC(C)COC(C)=O,TRUE,Sigma,Ester solvent
sec Butyl Acetate,CCC(C)OC(C)=O,TRUE,Sigma,Ester solvent
Isoamyl Acetate,CC(C)CCOC(C)=O,TRUE,Sigma,Ester solvent
Hexyl Acetate,CCCCCCOC(C)=O,TRUE,Sigma,Ester solvent
Heptyl Acetate,CCCCCCCOC(C)=O,TRUE,Sigma,Ester solvent
Octyl Acetate,CCCCCCCCOC(C)=O,TRUE,Sigma,Ester solvent
Phenyl Acetate,CC(=O)Oc1ccccc1,TRUE,Sigma,Ester solvent
Benzyl Acetate,CC(=O)OCc1ccccc1,TRUE,Sigma,Ester solvent
Methyl Isobutyrate,COC(=O)C(C)C,TRUE,Sigma,Ester solvent
Ethyl Isobutyrate,CCOC(=O)C(C)C,TRUE,Sigma,Ester solvent
Methyl Valerate,CCCC(=O)OC,TRUE,Sigma,Ester solvent
Ethyl Valerate,CCCC(=O)OCC,TRUE,Sigma,Ester solvent
Methyl Isovalerate,COC(=O)CC(C)C,TRUE,Sigma,Ester solvent
Ethyl Isovalerate,CCOC(=O)CC(C)C,TRUE,Sigma,Ester solvent
Diethyl Malonate,CCOC(=O)CC(=O)OCC,TRUE,Sigma,Dicarboxylic ester
Dimethyl Malonate,COC(=O)CC(=O)OC,TRUE,Sigma,Dicarboxylic ester
Diethyl Succinate,CCOC(=O)CCC(=O)OCC,TRUE,Sigma,Dicarboxylic ester
Dimethyl Succinate,COC(=O)CCC(=O)OC,TRUE,Sigma,Dicarboxylic ester
Diethyl Glutarate,CCOC(=O)CCCC(=O)OCC,TRUE,Sigma,Dicarboxylic ester
Dimethyl Glutarate,COC(=O)CCCC(=O)OC,TRUE,Sigma,Dicarboxylic ester
Diethyl Adipate,CCOC(=O)CCCCC(=O)OCC,TRUE,Sigma,Dicarboxylic ester
Dimethyl Adipate,COC(=O)CCCCC(=O)OC,TRUE,Sigma,Dicarboxylic ester
Diethyl Sebacate,CCOC(=O)CCCCCCCC(=O)OCC,TRUE,Sigma,Dicarboxylic ester
Dibutyl Sebacate,CCCCOC(=O)CCCCCCCC(=O)OCCCC,TRUE,Sigma,Plasticizer/Solvent
Diethyl Phthalate,CCOC(=O)c1ccccc1C(=O)OCC,TRUE,Sigma,Aromatic ester
Dibutyl Phthalate,CCCCOC(=O)c1ccccc1C(=O)OCCCC,TRUE,Sigma,Aromatic ester
Benzyl Benzoate,O=C(OCc1ccccc1)c2ccccc2,TRUE,Sigma,High boiling ester
gamma Valerolactone,CC1CCC(=O)O1,TRUE,Sigma,Cyclic ester
delta Valerolactone,O=C1CCCCO1,TRUE,Sigma,Cyclic ester
epsilon Caprolactone,O=C1CCCCCO1,TRUE,Sigma,Cyclic ester
Di sec butyl Ether,CCC(C)OC(C)CC,TRUE,Sigma,Ether solvent
Di isobutyl Ether,CC(C)COCC(C)C,TRUE,Sigma,Ether solvent
Dipentyl Ether,CCCCCOCCCCC,TRUE,Sigma,Ether solvent
Dihexyl Ether,CCCCCCOCCCCCC,TRUE,Sigma,Ether solvent
Anisole,COc1ccccc1,TRUE,Sigma,Aromatic ether
Phenetole,CCOc1ccccc1,TRUE,Sigma,Aromatic ether
Dibenzyl Ether,c1ccc(COc2ccccc2)cc1,TRUE,Sigma,Aromatic ether
Veratrole COc1ccccc1OC,True,Sigma,1,2-Dimethoxybenzene
1 2 Diethoxyethane,CCOCCOCC,TRUE,Sigma,Glycol ether
Diethylene Glycol Diethyl Ether,CCOCCOCCOCC,TRUE,Sigma,Ethyl Diglyme
Diethylene Glycol Dibutyl Ether,CCCCOCCOCCOCCCC,TRUE,Sigma,Butyl Diglyme
Dipropylene Glycol Dimethyl Ether,COCC(C)OCC(C)OC,TRUE,Sigma,Glycol ether
Cyclopentanone,O=C1CCCC1,TRUE,Sigma,Cyclic ketone
Cycloheptanone,O=C1CCCCCC1,TRUE,Sigma,Cyclic ketone
2 Pentanone,CCCC(C)=O,TRUE,Sigma,Ketone
3 Pentanone,CCC(=O)CC,TRUE,Sigma,Ketone
2 Hexanone,CCCCC(C)=O,TRUE,Sigma,Ketone
3 Hexanone,CCCC(=O)CC,TRUE,Sigma,Ketone
2 Heptanone,CCCCCC(C)=O,TRUE,Sigma,Ketone
3 Heptanone,CCCCC(=O)CC,TRUE,Sigma,Ketone
4 Heptanone,CCCC(=O)CCC,TRUE,Sigma,Ketone
Acetophenone,CC(=O)c1ccccc1,TRUE,Sigma,Aromatic ketone
Propiophenone,CCC(=O)c1ccccc1,TRUE,Sigma,Aromatic ketone
Isobutyronitrile,CC(C)C#N,TRUE,Sigma,Nitrile solvent
Pivalonitrile,CC(C)(C)C#N,TRUE,Sigma,Nitrile solvent
Hexanenitrile,CCCCCC#N,TRUE,Sigma,Nitrile solvent
Heptanenitrile,CCCCCCC#N,TRUE,Sigma,Nitrile solvent
Octanenitrile,CCCCCCCC#N,TRUE,Sigma,Nitrile solvent
Malononitrile,N#CCC#N,TRUE,Sigma,Dinitrile
Succinonitrile,N#CCCC#N,TRUE,Sigma,Dinitrile (Solid/Liquid mix)
Glutaronitrile,N#CCCCC#N,TRUE,Sigma,Dinitrile
Adiponitrile,N#CCCCCC#N,TRUE,Sigma,Dinitrile
Pimelonitrile,N#CCCCCCC#N,TRUE,Sigma,Dinitrile
Sebaconitrile,N#CCCCCCCCCC#N,TRUE,Sigma,Dinitrile
Benzonitrile,N#Cc1ccccc1,TRUE,Sigma,Aromatic nitrile
Phenylacetonitrile,N#Cc1ccccc1,TRUE,Sigma,Aromatic nitrile
Diethyl Sulfide,CCSCC,TRUE,Sigma,Sulfide
Dipropyl Sulfide,CCCSCCC,TRUE,Sigma,Sulfide
Dibutyl Sulfide,CCCCSCCCC,TRUE,Sigma,Sulfide
Diethyl Sulfone,CCS(=O)(=O)CC,TRUE,Sigma,Sulfone
Dipropyl Sulfone,CCCS(=O)(=O)CCC,TRUE,Sigma,Sulfone
Dibutyl Sulfone,CCCCS(=O)(=O)CCCC,TRUE,Sigma,Sulfone
Divinyl Sulfone,C=CS(=O)(=O)C=C,TRUE,Sigma,Sulfone
Methyl Phenyl Sulfone,CS(=O)(=O)c1ccccc1,TRUE,Sigma,Sulfone
Ethyl Phenyl Sulfone,CCS(=O)(=O)c1ccccc1,TRUE,Sigma,Sulfone
Trifluorotoluene,FC(F)(F)c1ccccc1,TRUE,Sigma,Fluorinated solvent
2 Fluorotoluene,Cc1ccccc1F,TRUE,Sigma,Fluorinated solvent
3 Fluorotoluene,Cc1cccc(F)c1,TRUE,Sigma,Fluorinated solvent
4 Fluorotoluene,Cc1ccc(F)cc1,TRUE,Sigma,Fluorinated solvent
2 4 Difluorotoluene,Cc1ccc(F)cc1F,TRUE,Sigma,Fluorinated solvent
2 6 Difluorotoluene,Cc1c(F)cccc1F,TRUE,Sigma,Fluorinated solvent
1 Fluoronaphthalene,Fc1cccc2ccccc12,TRUE,Sigma,Fluorinated aromatic
2 Fluoronaphthalene,Fc2ccc1ccccc1c2,TRUE,Sigma,Fluorinated aromatic
1 3 Bis(trifluoromethyl)benzene,FC(F)(F)c1cccc(c1)C(F)(F)F,TRUE,Sigma,Fluorinated solvent
1 4 Bis(trifluoromethyl)benzene,FC(F)(F)c1ccc(cc1)C(F)(F)F,TRUE,Sigma,Fluorinated solvent
Hexamethyldisiloxane,C[Si](C)(C)O[Si](C)(C)C,TRUE,Sigma,Siloxane solvent
Octamethyltrisiloxane,C[Si](C)(C)O[Si](C)(C)O[Si](C)(C)C,TRUE,Sigma,Siloxane solvent
Decamethyltetrasiloxane,C[Si](C)(C)O[Si](C)(C)O[Si](C)(C)O[Si](C)(C)O[Si](C)(C)C,TRUE,Sigma,Siloxane solvent
Dodecamethylpentasiloxane,C[Si](C)(C)O[Si](C)(C)O[Si](C)(C)O[Si](C)(C)O[Si](C)(C)O[Si](C)(C)O[Si](C)(C)C,TRUE,Sigma,Siloxane solvent
Octamethylcyclotetrasiloxane (D4),C[Si]1(C)O[Si](C)(C)O[Si](C)(C)O[Si](C)(C)O1,TRUE,Sigma,Cyclic siloxane
Decamethylcyclopentasiloxane (D5),C[Si]1(C)O[Si](C)(C)O[Si](C)(C)O[Si](C)(C)O[Si](C)(C)O1,TRUE,Sigma,Cyclic siloxane
Formamide,NC=O,FALSE,Sigma,Amide (Reactive with Li)
N Methylformamide,CNC=O,FALSE,Sigma,Amide (Reactive with Li)
N N Diethylformamide,CCN(CC)C=O,FALSE,Sigma,Amide (Reactive with Li)
Acetamide,CC(N)=O,FALSE,Sigma,Amide (Solid/Reactive)
N Methylacetamide,CNC(C)=O,FALSE,Sigma,Amide (Reactive with Li)
N N Diethylacetamide,CCN(CC)C(C)=O,FALSE,Sigma,Amide (Reactive with Li)
N Ethylpyrrolidone (NEP),CCN1CCCC1=O,FALSE,Sigma,Amide (Reactive with Li)
N Vinylpyrrolidone,C=CN1CCCC1=O,FALSE,Sigma,Amide (Reactive with Li)
Nitromethane,C[N+](=O)[O-],FALSE,Sigma,Nitro (Reactive with Li)
Nitroethane,CC[N+](=O)[O-],FALSE,Sigma,Nitro (Reactive with Li)
1 Nitropropane,CCC[N+](=O)[O-],FALSE,Sigma,Nitro (Reactive with Li)
2 Nitropropane,CC(C)[N+](=O)[O-],FALSE,Sigma,Nitro (Reactive with Li)
Tripropyl Phosphate,CCCOP(=O)(OCCC)OCCC,TRUE,Sigma,Phosphate solvent
Tricresyl Phosphate,CC1=CC=C(OP(=O)(OC2=CC=C(C)C=C2)OC3=CC=C(C)C=C3)C=C1,TRUE,Sigma,Flame retardant
Triethyl Phosphite,CCOP(OCC)OCC,TRUE,Sigma,Phosphite
Triphenyl Phosphite,O=P(Oc1ccccc1)(Oc2ccccc2)Oc3ccccc3,TRUE,Sigma,Phosphite
1 Chlorobutane,CCCCCl,TRUE,Sigma,Halogenated solvent
2 Chlorobutane,CC(Cl)CC,TRUE,Sigma,Halogenated solvent
1 Chloropentane,CCCCCCl,TRUE,Sigma,Halogenated solvent
1 Chlorohexane,CCCCCCCl,TRUE,Sigma,Halogenated solvent
1 Chloroheptane,CCCCCCCCl,TRUE,Sigma,Halogenated solvent
1 Chlorooctane,CCCCCCCCCl,TRUE,Sigma,Halogenated solvent
1 Chlorodecane,CCCCCCCCCCCl,TRUE,Sigma,Halogenated solvent
1 Chlorododecane,CCCCCCCCCCCCCl,TRUE,Sigma,Halogenated solvent
1 Bromopropane,CCCBr,TRUE,Sigma,Dense liquid
2 Bromopropane,CC(Br)C,TRUE,Sigma,Dense liquid
1 Bromobutane,CCCCBr,TRUE,Sigma,Dense liquid
2 Bromobutane,CC(Br)CC,TRUE,Sigma,Dense liquid
1 Bromopentane,CCCCCBr,TRUE,Sigma,Dense liquid
2 Bromopentane,CCCC(Br)C,TRUE,Sigma,Dense liquid
1 Bromohexane,CCCCCCBr,TRUE,Sigma,Dense liquid
1 Bromoheptane,CCCCCCCBr,TRUE,Sigma,Dense liquid
1 Bromooctane,CCCCCCCCBr,TRUE,Sigma,Dense liquid
1 BromonoINVALID_ENTRYe,CCCCCCCCCBr,TRUE,Sigma,Dense liquid
1 Bromodecane,CCCCCCCCCCBr,TRUE,Sigma,Dense liquid
1 Bromododecane,CCCCCCCCCCCCBr,TRUE,Sigma,Dense liquid
1 Iodopropane,CCCI,TRUE,Sigma,Dense liquid; Alkylating agent
2 Iodopropane,CC(I)C,TRUE,Sigma,Dense liquid
1 Iodobutane,CCCCI,TRUE,Sigma,Dense liquid
2 Iodobutane,CCC(I)C,TRUE,Sigma,Dense liquid
1 Iodopentane,CCCCCI,TRUE,Sigma,Dense liquid
1 Iodohexane,CCCCCCI,TRUE,Sigma,Dense liquid
1 Iodoheptane,CCCCCCCI,TRUE,Sigma,Dense liquid
1 Iodooctane,CCCCCCCCI,TRUE,Sigma,Dense liquid
Dibromomethane,BrCBr,TRUE,Sigma,Dense liquid
1 2 Dibromoethane,BrCCBr,TRUE,Sigma,Dense liquid
1 3 Dibromopropane,BrCCCBr,TRUE,Sigma,Dense liquid
1 4 Dibromobutane,BrCCCCBr,TRUE,Sigma,Dense liquid
1 5 Dibromopentane,BrCCCCCBr,TRUE,Sigma,Dense liquid
1 6 Dibromohexane,BrCCCCCCBr,TRUE,Sigma,Dense liquid
1 2 Dichlorobutane,CCC(Cl)CCl,TRUE,Sigma,Halogenated solvent
1 4 Dichlorobutane,ClCCCCCl,TRUE,Sigma,Halogenated solvent
1 5 Dichloropentane,ClCCCCCCl,TRUE,Sigma,Halogenated solvent
NoINVALID_ENTRYe,CCCCCCCCC,TRUE,Sigma,Linear alkane
Undecane,CCCCCCCCCCC,TRUE,Sigma,Linear alkane
Tridecane,CCCCCCCCCCCCC,TRUE,Sigma,Linear alkane
Pentadecane,CCCCCCCCCCCCCCC,TRUE,Sigma,Linear alkane
Heptadecane,CCCCCCCCCCCCCCCCC,TRUE,Sigma,Linear alkane (Solid/Liquid mix)
Octadecane,CCCCCCCCCCCCCCCCCC,TRUE,Sigma,Alkane (Solid at RT)
Eicosane,CCCCCCCCCCCCCCCCCCCC,TRUE,Sigma,Alkane (Solid)
2 Methylheptane,CC(C)CCCCC,TRUE,Sigma,Branched alkane
3 Methylheptane,CCCCC(C)CC,TRUE,Sigma,Branched alkane
4 Methylheptane,CCCC(C)CCC,TRUE,Sigma,Branched alkane
2 2 Dimethylhexane,CCCCC(C)(C)C,TRUE,Sigma,Branched alkane
2 5 Dimethylhexane,CC(C)CCC(C)C,TRUE,Sigma,Branched alkane
CyclonoINVALID_ENTRYe,C1CCCCCCCC1,TRUE,Sigma,Cyclic alkane
Cyclodecane,C1CCCCCCCCC1,TRUE,Sigma,Cyclic alkane
Ethylcyclohexane,CCC1CCCCC1,TRUE,Sigma,Cyclic alkane
Propylcyclohexane,CCCC1CCCCC1,TRUE,Sigma,Cyclic alkane
Isopropylcyclohexane,CC(C)C1CCCCC1,TRUE,Sigma,Cyclic alkane
Butylcyclohexane,CCCCC1CCCCC1,TRUE,Sigma,Cyclic alkane
tert Butylcyclohexane,CC(C)(C)C1CCCCC1,TRUE,Sigma,Cyclic alkane
1 2 Dimethylcyclohexane,CC1CCCCC1C,TRUE,Sigma,Cyclic alkane (cis/trans mix)
1 3 Dimethylcyclohexane,CC1CCCC(C)C1,TRUE,Sigma,Cyclic alkane
1 4 Dimethylcyclohexane,CC1CCC(C)CC1,TRUE,Sigma,Cyclic alkane
Indane,C1CCC2=CC=CC=C12,TRUE,Sigma,Bicyclic hydrocarbon
1 Methylnaphthalene,Cc1cccc2ccccc12,TRUE,Sigma,Aromatic solvent
2 Methylnaphthalene,Cc1ccc2ccccc2c1,TRUE,Sigma,Aromatic (Solid/Liquid)
1 2 3 Trimethylbenzene,Cc1c(C)cccc1C,TRUE,Sigma,Hemellitene
1 2 4 Trimethylbenzene,Cc1ccc(C)c(C)c1,TRUE,Sigma,Pseudocumene
1 3 5 Triethylbenzene,CCc1cc(CC)cc(CC)c1,TRUE,Sigma,Aromatic solvent
1 2 3 4 Tetrahydronaphthalene,C1CCC2=CC=CC=C2C1,TRUE,Sigma,Tetralin
4 Methylstyrene,C=Cc1ccc(C)cc1,TRUE,Sigma,Monomer
Vinyltoluene,C=Cc1cccc(C)c1,TRUE,Sigma,Monomer (Isomer mix)
Divinylbenzene,C=Cc1ccc(C=C)cc1,TRUE,Sigma,Monomer
Phenylacetylene,C#Cc1ccccc1,FALSE,Sigma,Acidic proton (Reactive)
1 Octene,CCCCCC=C,TRUE,Sigma,Alkene
1 Decene,CCCCCCCC=C,TRUE,Sigma,Alkene
1 Dodecene,CCCCCCCCCC=C,TRUE,Sigma,Alkene
Cyclohexene,C1CCC=CC1,TRUE,Sigma,Cyclic alkene
Cyclooctene,C1CCCCCC=C1,TRUE,Sigma,Cyclic alkene
1 5 Cyclooctadiene,C1CC=CCCC=1,TRUE,Sigma,Diene (COD)
Methyl Hexanoate,CCCCCC(=O)OC,TRUE,Sigma,Fatty ester (Caproate)
Ethyl Hexanoate,CCCCCC(=O)OCC,TRUE,Sigma,Fatty ester
Propyl Hexanoate,CCCCCC(=O)OCCC,TRUE,Sigma,Fatty ester
Methyl Heptanoate,CCCCCCC(=O)OC,TRUE,Sigma,Fatty ester
Ethyl Heptanoate,CCCCCCC(=O)OCC,TRUE,Sigma,Fatty ester
Methyl Octanoate,CCCCCCCC(=O)OC,TRUE,Sigma,Fatty ester (Caprylate)
Ethyl Octanoate,CCCCCCCC(=O)OCC,TRUE,Sigma,Fatty ester
Methyl NoINVALID_ENTRYoate,CCCCCCCCC(=O)OC,TRUE,Sigma,Fatty ester
Ethyl NoINVALID_ENTRYoate,CCCCCCCCC(=O)OCC,TRUE,Sigma,Fatty ester
Methyl Decanoate,CCCCCCCCCC(=O)OC,TRUE,Sigma,Fatty ester (Caprate)
Ethyl Decanoate,CCCCCCCCCC(=O)OCC,TRUE,Sigma,Fatty ester
Methyl Laurate,CCCCCCCCCCCC(=O)OC,TRUE,Sigma,Fatty ester
Ethyl Laurate,CCCCCCCCCCCC(=O)OCC,TRUE,Sigma,Fatty ester
Methyl Myristate,CCCCCCCCCCCCCC(=O)OC,TRUE,Sigma,Fatty ester
Isopropyl Myristate,CCCCCCCCCCCCCC(=O)OC(C)C,TRUE,Sigma,Cosmetic solvent
Methyl Palmitate,CCCCCCCCCCCCCCCC(=O)OC,TRUE,Sigma,Fatty ester (Solid?)
Methyl Oleate,CCCCCCCCC=CCCCCCCCC(=O)OC,TRUE,Sigma,Unsaturated ester
Methyl Linoleate,CCCCC=CCC=CCCCCCCCC(=O)OC,TRUE,Sigma,Unsaturated ester
Dimethyl Carbonate,COC(=O)OC,TRUE,Sigma,Carbonate (Repeated for ref)
Diphenyl Carbonate,O=C(Oc1ccccc1)Oc2ccccc2,TRUE,Sigma,Aromatic carbonate (Solid)
Ethylene Glycol Methyl Ether Acetate,COCCOC(C)=O,TRUE,Sigma,2-Methoxyethyl acetate
Ethylene Glycol Ethyl Ether Acetate,CCOCCOC(C)=O,TRUE,Sigma,2-Ethoxyethyl acetate
Ethylene Glycol Butyl Ether Acetate,CCCCOCCOC(C)=O,TRUE,Sigma,2-Butoxyethyl acetate
Propylene Glycol Methyl Ether Acetate,COCC(C)OC(C)=O,TRUE,Sigma,PGMEA
Diethylene Glycol Methyl Ether Acetate,COCCOCCOC(C)=O,TRUE,Sigma,Methyl Carbitol Acetate
Diethylene Glycol Ethyl Ether Acetate,CCOCCOCCOC(C)=O,TRUE,Sigma,Ethyl Carbitol Acetate
Diethylene Glycol Butyl Ether Acetate,CCCCOCCOCCOC(C)=O,TRUE,Sigma,Butyl Carbitol Acetate
Methoxycyclopentane,COC1CCCC1,TRUE,Sigma,Ether solvent
1 Methoxy 2 methylpropane,COCC(C)C,TRUE,Sigma,Methyl isobutyl ether
1 Ethoxy 2 methylpropane,CCOCC(C)C,TRUE,Sigma,Ethyl isobutyl ether
2 Methoxy 2 methylpropane,COC(C)(C)C,TRUE,Sigma,MTBE (Repeated for ref)
2 Ethoxy 2 methylpropane,CCOC(C)(C)C,TRUE,Sigma,ETBE
2 Methoxy 2 methylbutane,CCC(C)(C)OC,TRUE,Sigma,TAME
Thioanisole,CSc1ccccc1,TRUE,Sigma,Aromatic sulfide
Tetrahydrothiophene,C1CCSC1,TRUE,Sigma,Cyclic sulfide
Tetrahydrothiopyran,C1CCSCC1,TRUE,Sigma,Cyclic sulfide
1 3 Dithiolane,C1CSCS1,TRUE,Sigma,Cyclic disulfide
1 4 Dithiane,C1CSCCS1,TRUE,Sigma,Cyclic disulfide
2 Octanone,CCCCCCC(C)=O,TRUE,Sigma,Ketone
3 Octanone,CCCCCC(=O)CC,TRUE,Sigma,Ketone
4 Octanone,CCCCC(=O)CCC,TRUE,Sigma,Ketone
2 NoINVALID_ENTRYone,CCCCCCCC(C)=O,TRUE,Sigma,Ketone
3 NoINVALID_ENTRYone,CCCCCCC(=O)CC,TRUE,Sigma,Ketone
4 NoINVALID_ENTRYone,CCCCCC(=O)CCC,TRUE,Sigma,Ketone
5 NoINVALID_ENTRYone,CCCCC(=O)CCCC,TRUE,Sigma,Ketone
2 Decanone,CCCCCCCCC(C)=O,TRUE,Sigma,Ketone
Cyclobutanone,O=C1CCC1,TRUE,Sigma,Cyclic ketone
2 Methylcyclohexanone,CC1CCCCC1=O,TRUE,Sigma,Cyclic ketone
3 Methylcyclohexanone,CC1CCCC(=O)C1,TRUE,Sigma,Cyclic ketone
4 Methylcyclohexanone,CC1CCC(=O)CC1,TRUE,Sigma,Cyclic ketone
4 tert Butylcyclohexanone,CC(C)(C)C1CCC(=O)CC1,TRUE,Sigma,Cyclic ketone (Solid)
1 Tetralone,O=C1CCCc2ccccc12,TRUE,Sigma,Bicyclic ketone
2 Tetralone,O=C1Cc2ccccc2CC1,TRUE,Sigma,Bicyclic ketone
1 Indanone,O=C1CCc2ccccc12,TRUE,Sigma,Bicyclic ketone
Cyclopropanecarbonitrile,N#CC1CC1,TRUE,Sigma,Cyclic nitrile
Cyclobutanecarbonitrile,N#CC1CCC1,TRUE,Sigma,Cyclic nitrile
Cyclopentanecarbonitrile,N#CC1CCCC1,TRUE,Sigma,Cyclic nitrile
Cyclohexanecarbonitrile,N#CC1CCCCC1,TRUE,Sigma,Cyclic nitrile
Cycloheptanecarbonitrile,N#CC1CCCCCC1,TRUE,Sigma,Cyclic nitrile
2 Methylbutyronitrile,CCC(C)C#N,TRUE,Sigma,Nitrile
3 Methylbutyronitrile,CC(C)CC#N,TRUE,Sigma,Isovaleronitrile
2 Ethylbutyronitrile,CCC(CC)C#N,TRUE,Sigma,Nitrile
2 Phenylbutyronitrile,CCC(C#N)c1ccccc1,TRUE,Sigma,Aromatic nitrile
3 Phenylpropionitrile,N#CCCc1ccccc1,TRUE,Sigma,Aromatic nitrile
o Tolunitrile,Cc1ccccc1C#N,TRUE,Sigma,Aromatic nitrile
m Tolunitrile,Cc1cccc(C#N)c1,TRUE,Sigma,Aromatic nitrile
p Tolunitrile,Cc1ccc(C#N)cc1,TRUE,Sigma,Aromatic nitrile
4 Fluorobenzonitrile,N#Cc1ccc(F)cc1,TRUE,Sigma,Fluorinated nitrile
2 Fluorobenzonitrile,N#Cc1ccccc1F,TRUE,Sigma,Fluorinated nitrile
3 Fluorobenzonitrile,N#Cc1cccc(F)c1,TRUE,Sigma,Fluorinated nitrile
4 Chlorobenzonitrile,N#Cc1ccc(Cl)cc1,TRUE,Sigma,Halogenated nitrile
3 Chlorobenzonitrile,N#Cc1cccc(Cl)c1,TRUE,Sigma,Halogenated nitrile
2 Chlorobenzonitrile,N#Cc1ccccc1Cl,TRUE,Sigma,Halogenated nitrile
Tetramethoxysilane,CO[Si](OC)(OC)OC,TRUE,Sigma,TMOS
Tetraethoxysilane,CCO[Si](OCC)(OCC)OCC,TRUE,Sigma,TEOS
Tetrapropoxysilane,CCCO[Si](OCCC)(OCCC)OCCC,TRUE,Sigma,Silane
Tetrabutoxysilane,CCCCO[Si](OCCCC)(OCCCC)OCCCC,TRUE,Sigma,Silane
Methyltrimethoxysilane,C[Si](OC)(OC)OC,TRUE,Sigma,Silane
Methyltriethoxysilane,C[Si](OCC)(OCC)OCC,TRUE,Sigma,Silane
Dimethyldimethoxysilane,C[Si](C)(OC)OC,TRUE,Sigma,Silane
Dimethyldiethoxysilane,C[Si](C)(OCC)OCC,TRUE,Sigma,Silane
Phenyltrimethoxysilane,CO[Si](OC)(OC)c1ccccc1,TRUE,Sigma,Silane
Phenyltriethoxysilane,CCO[Si](OCC)(OCC)c1ccccc1,TRUE,Sigma,Silane
Chlorotrimethylsilane,C[Si](C)(C)Cl,FALSE,Sigma,Reactive chloride
Dichlorodimethylsilane,C[Si](C)(Cl)Cl,FALSE,Sigma,Reactive chloride
Trichloromethylsilane,C[Si](Cl)(Cl)Cl,FALSE,Sigma,Reactive chloride
Hexamethyldisilazane,C[Si](C)(C)N[Si](C)(C)C,FALSE,Sigma,Amine (Reactive)
2 Methylfuran,CC1=CC=CO1,TRUE,Sigma,Heterocycle
2 Ethylfuran,CCC1=CC=CO1,TRUE,Sigma,Heterocycle
2 Acetylfuran,CC(=O)c1occc1,TRUE,Sigma,Heterocycle
2 Methylthiophene,CC1=CC=CS1,TRUE,Sigma,Heterocycle
3 Methylthiophene,CC1=CSC=C1,TRUE,Sigma,Heterocycle
2 Acetylthiophene,CC(=O)c1sccc1,TRUE,Sigma,Heterocycle
2 Chlorothiophene,Clc1sccc1,TRUE,Sigma,Heterocycle
2 Bromothiophene,Brc1sccc1,TRUE,Sigma,Heterocycle
Thiazole,c1cnsc1,TRUE,Sigma,Heterocycle
2 Methylpyridine,Cc1ccccn1,TRUE,Sigma,Picoline
3 Methylpyridine,Cc1cccnc1,TRUE,Sigma,Picoline
4 Methylpyridine,Cc1ccncc1,TRUE,Sigma,Picoline
2 Ethylpyridine,CCc1ccccn1,TRUE,Sigma,Heterocycle
4 Ethylpyridine,CCc1ccncc1,TRUE,Sigma,Heterocycle
2 Methoxypyridine,COc1ccccn1,TRUE,Sigma,Heterocycle
3 Methoxypyridine,COc1cccnc1,TRUE,Sigma,Heterocycle
4 Methoxypyridine,COc1ccncc1,TRUE,Sigma,Heterocycle
2 Chloropyridine,Clc1ccccn1,TRUE,Sigma,Heterocycle
3 Chloropyridine,Clc1cccnc1,TRUE,Sigma,Heterocycle
4 Chloropyridine,Clc1ccncc1,TRUE,Sigma,Heterocycle
2 Bromopyridine,Brc1ccccn1,TRUE,Sigma,Heterocycle
3 Bromopyridine,Brc1cccnc1,TRUE,Sigma,Heterocycle
Pyrazine,c1cnccn1,TRUE,Sigma,Heterocycle (Solid)
Pyridazine,c1ccnnc1,TRUE,Sigma,Heterocycle
Pyrimidine,c1cncnc1,TRUE,Sigma,Heterocycle
Oxazole,c1ncco1,TRUE,Sigma,Heterocycle
Isoxazole,c1con1,TRUE,Sigma,Heterocycle
1 Fluorohexane,CCCCCCF,TRUE,Sigma,Fluorinated alkane
1 Fluoroheptane,CCCCCCCF,TRUE,Sigma,Fluorinated alkane
1 Fluorooctane,CCCCCCCCF,TRUE,Sigma,Fluorinated alkane
1 Chloropropane,CCCCl,TRUE,Sigma,Halogenated solvent
2 Chloropropane,CC(Cl)C,TRUE,Sigma,Halogenated solvent
1 1 Dichloroethane,CC(Cl)Cl,FALSE,Sigma,Halogenated
1 1 Dichloropropane,CCC(Cl)Cl,FALSE,Sigma,Halogenated
1 3 Dichlorobutane,CC(Cl)CCCl,FALSE,Sigma,Halogenated
1 2 3 Trichloropropane,ClCC(Cl)CCl,FALSE,Sigma,Halogenated
1 Bromo 2 chloroethane,ClCCBr,TRUE,Sigma,Mixed halide
1 Bromo 3 chloropropane,ClCCCBr,TRUE,Sigma,Mixed halide
1 Bromo 4 chlorobutane,ClCCCCBr,TRUE,Sigma,Mixed halide
Bromobenzene,Brc1ccccc1,TRUE,Sigma,Halogenated aromatic
1 2 Dibromobenzene,Brc1c(Br)cccc1,TRUE,Sigma,Halogenated aromatic
1 3 Dibromobenzene,Brc1cccc(Br)c1,TRUE,Sigma,Halogenated aromatic
1 4 Dibromobenzene,Brc1ccc(Br)cc1,TRUE,Sigma,Halogenated aromatic (Solid)
1 Bromo 2 chlorobenzene,Clc1c(Br)cccc1,TRUE,Sigma,Halogenated aromatic
1 Bromo 3 chlorobenzene,Clc1cccc(Br)c1,TRUE,Sigma,Halogenated aromatic
1 Bromo 4 chlorobenzene,Clc1ccc(Br)cc1,TRUE,Sigma,Halogenated aromatic (Solid)
2 Chlorotoluene,Cc1ccccc1Cl,TRUE,Sigma,Halogenated aromatic
3 Chlorotoluene,Cc1cccc(Cl)c1,TRUE,Sigma,Halogenated aromatic
4 Chlorotoluene,Cc1ccc(Cl)cc1,TRUE,Sigma,Halogenated aromatic
2 Bromotoluene,Cc1ccccc1Br,TRUE,Sigma,Halogenated aromatic
3 Bromotoluene,Cc1cccc(Br)c1,TRUE,Sigma,Halogenated aromatic
4 Bromotoluene,Cc1ccc(Br)cc1,TRUE,Sigma,Halogenated aromatic (Solid)
2 4 Dichlorotoluene,Cc1ccc(Cl)cc1Cl,TRUE,Sigma,Halogenated aromatic
2 6 Dichlorotoluene,Cc1c(Cl)cccc1Cl,TRUE,Sigma,Halogenated aromatic
3 4 Dichlorotoluene,Cc1ccc(Cl)c(Cl)c1,TRUE,Sigma,Halogenated aromatic
Benzyl Chloride,ClCc1ccccc1,FALSE,Sigma,Reactive halide
Benzyl Bromide,BrCc1ccccc1,FALSE,Sigma,Reactive halide
Benzoyl Bromide,O=C(Br)c1ccccc1,FALSE,Sigma,Reactive halide
Oxalyl Chloride,O=C(Cl)C(=O)Cl,FALSE,Sigma,Reactive halide
Pivaloyl Chloride,CC(C)(C)C(=O)Cl,FALSE,Sigma,Reactive halide
Butyryl Chloride,CCCC(=O)Cl,FALSE,Sigma,Reactive halide
Isobutyryl Chloride,CC(C)C(=O)Cl,FALSE,Sigma,Reactive halide
Valeryl Chloride,CCCCC(=O)Cl,FALSE,Sigma,Reactive halide
Hexanoyl Chloride,CCCCCC(=O)Cl,FALSE,Sigma,Reactive halide
Octanoyl Chloride,CCCCCCCC(=O)Cl,FALSE,Sigma,Reactive halide
Acetaldehyde,CC=O,FALSE,Sigma,Aldehyde (Reactive)
Propionaldehyde,CCC=O,FALSE,Sigma,Aldehyde
Butyraldehyde,CCCC=O,FALSE,Sigma,Aldehyde
Isobutyraldehyde,CC(C)C=O,FALSE,Sigma,Aldehyde
Valeraldehyde,CCCCC=O,FALSE,Sigma,Aldehyde
Isovaleraldehyde,CC(C)CC=O,FALSE,Sigma,Aldehyde
Hexanal,CCCCCC=O,FALSE,Sigma,Aldehyde
Heptanal,CCCCCCC=O,FALSE,Sigma,Aldehyde
Octanal,CCCCCCCC=O,FALSE,Sigma,Aldehyde
NoINVALID_ENTRYal,CCCCCCCCC=O,FALSE,Sigma,Aldehyde
Decanal,CCCCCCCCCC=O,FALSE,Sigma,Aldehyde
Acrolein,C=CC=O,FALSE,Sigma,Aldehyde (Reactive)
Crotonaldehyde,C/C=C/C=O,FALSE,Sigma,Aldehyde
Methacrolein,CC(=C)C=O,FALSE,Sigma,Aldehyde
Salicylaldehyde,Oc1ccccc1C=O,FALSE,Sigma,Aldehyde (Protic)
1 Propanol,CCCO,FALSE,Sigma,Alcohol
1 Butanol,CCCCO,FALSE,Sigma,Alcohol
2 Butanol,CCC(C)O,FALSE,Sigma,Alcohol
Isobutanol,CC(C)CO,FALSE,Sigma,Alcohol
tert Butanol,CC(C)(O)C,FALSE,Sigma,Alcohol
1 Pentanol,CCCCCO,FALSE,Sigma,Alcohol
2 Pentanol,CCCC(C)O,FALSE,Sigma,Alcohol
3 Pentanol,CCC(O)CC,FALSE,Sigma,Alcohol
Cyclopentanol,OC1CCCC1,FALSE,Sigma,Alcohol
Cyclohexanol,OC1CCCCC1,FALSE,Sigma,Alcohol
1 Hexanol,CCCCCCO,FALSE,Sigma,Alcohol
1 Heptanol,CCCCCCCO,FALSE,Sigma,Alcohol
1 Octanol,CCCCCCCCO,FALSE,Sigma,Alcohol
2 Ethylhexanol,CCCCC(CC)CO,FALSE,Sigma,Alcohol
1 NoINVALID_ENTRYol,CCCCCCCCCO,FALSE,Sigma,Alcohol
1 Decanol,CCCCCCCCCCO,FALSE,Sigma,Alcohol
Allylamine,C=CCN,FALSE,Sigma,Amine
Propylamine,CCCN,FALSE,Sigma,Amine
Butylamine,CCCCN,FALSE,Sigma,Amine
Isobutylamine,CC(C)CN,FALSE,Sigma,Amine
sec Butylamine,CCC(C)N,FALSE,Sigma,Amine
tert Butylamine,CC(C)(N)C,FALSE,Sigma,Amine
Pentylamine,CCCCCN,FALSE,Sigma,Amine
Hexylamine,CCCCCCN,FALSE,Sigma,Amine
Octylamine,CCCCCCCCN,FALSE,Sigma,Amine
Cyclohexylamine,NC1CCCCC1,FALSE,Sigma,Amine
Aniline,Nc1ccccc1,FALSE,Sigma,Amine
N Methylaniline,CNc1ccccc1,FALSE,Sigma,Amine
N N Dimethylaniline,CN(C)c1ccccc1,TRUE,Sigma,Amine
N N Diethylaniline,CCN(CC)c1ccccc1,TRUE,Sigma,Amine
Diphenylamine,c1ccc(Nc2ccccc2)cc1,FALSE,Sigma,Amine (Solid)
Benzylamine,NCc1ccccc1,FALSE,Sigma,Amine
Ethylenediamine,NCCN,FALSE,Sigma,Amine
Diethylenetriamine,NCCNCCN,FALSE,Sigma,Amine
Triethylenetetramine,NCCNCCNCCN,FALSE,Sigma,Amine
Ethanolamine,NCCO,FALSE,Sigma,Amine/Alcohol
Diethanolamine,OCCNCCO,FALSE,Sigma,Amine/Alcohol
Triethanolamine,OCCN(CCO)CCO,FALSE,Sigma,Amine/Alcohol
Hydrazine (Anhydrous),NN,FALSE,Sigma,Reactive
Phenylhydrazine,Nc1ccccc1,FALSE,Sigma,Reactive
Methylhydrazine,CN,FALSE,Sigma,Reactive
Isovaleric Acid,CC(C)CC(=O)O,FALSE,Sigma,Acid
Valeric Acid,CCCCC(=O)O,FALSE,Sigma,Acid
Caproic Acid,CCCCCC(=O)O,FALSE,Sigma,Acid
EINVALID_ENTRYthic Acid,CCCCCCC(=O)O,FALSE,Sigma,Acid
Caprylic Acid,CCCCCCCC(=O)O,FALSE,Sigma,Acid
Pelargonic Acid,CCCCCCCCC(=O)O,FALSE,Sigma,Acid
Capric Acid,CCCCCCCCCC(=O)O,FALSE,Sigma,Acid (Solid)
Lauric Acid,CCCCCCCCCCCC(=O)O,FALSE,Sigma,Acid (Solid)
Oleic Acid,CCCCCCCCC=CCCCCCCCC(=O)O,FALSE,Sigma,Acid
Linoleic Acid,CCCCC=CCC=CCCCCCCCC(=O)O,FALSE,Sigma,Acid
Oxalic Acid,OC(=O)C(=O)O,FALSE,Sigma,Acid (Solid)
Malonic Acid,OC(=O)CC(=O)O,FALSE,Sigma,Acid (Solid)
Succinic Acid,OC(=O)CCC(=O)O,FALSE,Sigma,Acid (Solid)
Glutaric Acid,OC(=O)CCCC(=O)O,FALSE,Sigma,Acid (Solid)
Adipic Acid,OC(=O)CCCCC(=O)O,FALSE,Sigma,Acid (Solid)
Maleic Acid,OC(=O)C=CC(=O)O,FALSE,Sigma,Acid (Solid)
Fumaric Acid,OC(=O)C=CC(=O)O,FALSE,Sigma,Acid (Solid)
Lactic Acid,CC(O)C(=O)O,FALSE,Sigma,Acid
Pyruvic Acid,CC(=O)C(=O)O,FALSE,Sigma,Acid
Triisopropylamine,CC(C)N(C(C)C)C(C)C,FALSE,Sigma,Amine
Tributylamine,CCCCN(CCCC)CCCC,TRUE,Sigma,Amine
Tripentylamine,CCCCCN(CCCCC)CCCCC,TRUE,Sigma,Amine
Trioctylamine,CCCCCCCCN(CCCCCCCC)CCCCCCCC,TRUE,Sigma,Amine
N Methylpiperidine,CN1CCCCC1,TRUE,Sigma,Amine
N Ethylpiperidine,CCN1CCCCC1,TRUE,Sigma,Amine
N Methylpyrrolidine,CN1CCCC1,TRUE,Sigma,Amine
N Ethylpyrrolidine,CCN1CCCC1,TRUE,Sigma,Amine
1 2 Dimethylimidazole,Cc1n(C)ccn1,TRUE,Sigma,Heterocycle
1 Benzylimidazole,c1ccc(Cn2ccnc2)cc1,TRUE,Sigma,Heterocycle
1 5 Cyclooctadiene,C1CC=CCCC=1,TRUE,Sigma,Diene (Repeat)
Norbornene,C1CC2CC1C=C2,TRUE,Sigma,Alkene (Solid)
Norbornadiene,C1C2C=CC1C=C2,TRUE,Sigma,Diene
Dicyclopentadiene,C1C2CC(C1)C3C2C=CC3,TRUE,Sigma,Diene (Solid/Liquid)
4 Vinyl 1 cyclohexene,C=CC1CCC=CC1,TRUE,Sigma,Diene
Methylal,COCOC,TRUE,Sigma,Acetal solvent
Ethylal,CCOCC,TRUE,Sigma,Acetal solvent
1 1 Dimethoxyethane,CC(OC)OC,TRUE,Sigma,Acetal solvent
1 1 Diethoxyethane,CC(OCC)OCC,TRUE,Sigma,Acetal solvent
1 3 Dioxolane,C1COCO1,TRUE,Sigma,Acetal solvent (Repeat)
2 Methyl 1 3 dioxolane,CC1OCCO1,TRUE,Sigma,Acetal solvent
2 2 Dimethyl 1 3 dioxolane,CC1(C)OCCO1,TRUE,Sigma,Acetal solvent
2 2 Dimethoxypropane,COC(C)(C)OC,TRUE,Sigma,Ketone acetal
Triethyl Orthoformate,CCOC(OCC)OCC,TRUE,Sigma,Orthoester
Trimethyl Orthoformate,COC(OC)OC,TRUE,Sigma,Orthoester
Triethyl Orthoacetate,CCOC(C)(OCC)OCC,TRUE,Sigma,Orthoester
Trimethyl Orthoacetate,COC(C)(OC)OC,TRUE,Sigma,Orthoester
Diethyl Carbonate,CCOC(=O)OCC,TRUE,Sigma,Carbonate (Repeat)
Dimethyl Carbonate,COC(=O)OC,TRUE,Sigma,Carbonate (Repeat)
Diphenyl Carbonate,O=C(Oc1ccccc1)Oc2ccccc2,TRUE,Sigma,Carbonate (Repeat)
Bis(2 ethylhexyl) Phthalate,CCCCC(CC)COC(=O)c1ccccc1C(=O)OCC(CC)CCCC,TRUE,Sigma,Plasticizer (DEHP)
Bis(2 ethylhexyl) Adipate,CCCCC(CC)COC(=O)CCCCC(=O)OCC(CC)CCCC,TRUE,Sigma,Plasticizer (DEHA)
Trioctyl Trimellitate,CCCCCCCCOC(=O)c1ccc(C(=O)OCCCCCCCC)c(c1)C(=O)OCCCCCCCC,TRUE,Sigma,Plasticizer
Epoxidized Soybean Oil,,TRUE,Sigma,Plasticizer (Mixture)
N Butylbenzenesulfonamide,CCCCNS(=O)(=O)c1ccccc1,FALSE,Sigma,Sulfonamide (Protic)
N Ethyl o/p toluenesulfonamide,CCNS(=O)(=O)c1ccccc1C,FALSE,Sigma,Sulfonamide (Protic)
Tetrahydrothiophene 1 1 dioxide,O=S1(=O)CCCC1,TRUE,Sigma,Sulfolane (Repeat)
Thiolane,C1CCSC1,TRUE,Sigma,Tetrahydrothiophene (Repeat)
2 Methyltetrahydrofuran,CC1CCCO1,TRUE,Sigma,MeTHF (Repeat)
Ethyl tert Butyl Ether,CCOC(C)(C)C,TRUE,Sigma,ETBE (Repeat)
tert Amyl Methyl Ether,CCC(C)(C)OC,TRUE,Sigma,TAME (Repeat)
Di n propyl Ketone,CCCC(=O)CCC,TRUE,Sigma,4-Heptanone (Repeat)
Di n butyl Ketone,CCCCC(=O)CCCC,TRUE,Sigma,5-NoINVALID_ENTRYone (Repeat)
N N' Dimethylpropyleneurea,CN1CCCN(C)C1=O,FALSE,Sigma,DMPU (Repeat)
N N' Dimethylethyleneurea,CN1CCN(C)C1=O,FALSE,Sigma,DMI (Repeat)
Hexamethylphosphoramide,CN(C)P(=O)(N(C)C)N(C)C,FALSE,Sigma,HMPA (Repeat)
Propylene Carbonate,CC1COC(=O)O1,TRUE,Sigma,PC (Repeat)
Butylene Carbonate,CCC1COC(=O)O1,TRUE,Sigma,Carbonate
Glycerol Carbonate,OCC1COC(=O)O1,FALSE,Sigma,Alcoholic Carbonate
Methoxybenzene,COc1ccccc1,TRUE,Sigma,Anisole (Repeat)
Ethoxybenzene,CCOc1ccccc1,TRUE,Sigma,Phenetole (Repeat)
Propoxybenzene,CCCOc1ccccc1,TRUE,Sigma,Ether
Butoxybenzene,CCCCOc1ccccc1,TRUE,Sigma,Ether
1 2 Dimethoxybenzene,COc1ccccc1OC,TRUE,Sigma,Veratrole (Repeat)
1 3 Dimethoxybenzene,COc1cccc(OC)c1,TRUE,Sigma,Ether
1 4 Dimethoxybenzene,COc1ccc(OC)cc1,TRUE,Sigma,Ether (Solid)
1 2 Methylenedioxybenzene,C1Oc2ccccc2O1,TRUE,Sigma,Benzodioxole
1 4 Benzodioxane,C1COc2ccccc2O1,TRUE,Sigma,Ether
2 3 Dihydrobenzofuran,C1Cc2ccccc2O1,TRUE,Sigma,Ether
Chroman,C1CCc2ccccc2O1,TRUE,Sigma,Ether
Thiochroman,C1CCc2ccccc2S1,TRUE,Sigma,Sulfide
Isothiochroman,C1SCc2ccccc2C1,TRUE,Sigma,Sulfide
Indoline,C1Cc2ccccc2N1,FALSE,Sigma,Amine (Protic)
N Methylindoline,CN1CCc2ccccc21,TRUE,Sigma,Amine
Carbazole,c1ccc2c(c1)[nH]c3ccccc23,FALSE,Sigma,Amine (Solid/Protic)
N Ethylcarbazole,CCN1c2ccccc2c3ccccc13,TRUE,Sigma,Amine (Solid)
Diphenylmethane,c1ccc(Cc2ccccc2)cc1,TRUE,Sigma,Aromatic (Solid/Liquid)
1 1 Diphenylethane,CC(c1ccccc1)c2ccccc2,TRUE,Sigma,Aromatic
1 2 Diphenylethane,c1ccc(CCc2ccccc2)cc1,TRUE,Sigma,Bibenzyl (Solid)
Stilbene,c1ccc(C=Cc2ccccc2)cc1,TRUE,Sigma,Alkene (Solid)
Biphenyl,c1ccc(cc1)c2ccccc2,TRUE,Sigma,Aromatic (Solid)
Terphenyl,c1ccc(cc1)c2ccc(cc2)c3ccccc3,TRUE,Sigma,Aromatic (Solid)
Cyclododecane,C1CCCCCCCCCCC1,TRUE,Sigma,Cyclic Alkane (Solid)
Camphene,C=C1C2CCC(C2)C1(C)C,TRUE,Sigma,Terpene (Solid/Repeat)
Adamantane,C1C2CC3CC1CC(C2)C3,TRUE,Sigma,Alkane (Solid)
1 3 5 Trioxane,C1OCOC1,TRUE,Sigma,Formaldehyde trimer (Solid)
Paraldehyde,CC1OC(C)OC(C)O1,TRUE,Sigma,Acetaldehyde trimer
Metaldehyde,CC1OC(C)OC(C)OC(C)O1,TRUE,Sigma,Acetaldehyde tetramer (Solid)
Methanesulfonyl Chloride,CS(=O)(=O)Cl,FALSE,Sigma,Reactive chloride
Benzenesulfonyl Chloride,O=S(=O)(Cl)c1ccccc1,FALSE,Sigma,Reactive chloride
Toluenesulfonyl Chloride,Cc1ccc(S(=O)(=O)Cl)cc1,FALSE,Sigma,Reactive chloride (Solid)
Trifluoromethanesulfonyl Chloride,FC(F)(F)S(=O)(=O)Cl,FALSE,Sigma,Reactive chloride
Fluorosulfonic Acid,OS(F)(=O)=O,FALSE,Sigma,Acid
Chlorosulfonic Acid,OS(Cl)(=O)=O,FALSE,Sigma,Acid
Methyl Iodide,CI,TRUE,Sigma,Alkylating agent
Ethyl Iodide,CCI,TRUE,Sigma,Alkylating agent
Dimethyl Carbonate,COC(=O)OC,TRUE,Sigma,Repeat
Diethyl Carbonate,CCOC(=O)OCC,TRUE,Sigma,Repeat
Dipropyl Carbonate,CCCOC(=O)OCCC,TRUE,Sigma,Repeat
Dibutyl Carbonate,CCCCOC(=O)OCCCC,TRUE,Sigma,Repeat
Di tert butyl Dicarbonate,CC(C)(C)OC(=O)OC(=O)OC(C)(C)C,TRUE,Sigma,Boc Anhydride (Solid/Liquid)
Chloroacetonitrile,ClCC#N,TRUE,Sigma,Nitrile
Bromoacetonitrile,BrCC#N,TRUE,Sigma,Nitrile
Iodoacetonitrile,ICC#N,TRUE,Sigma,Nitrile
Dichloroacetonitrile,ClC(Cl)C#N,TRUE,Sigma,Nitrile
Trichloroacetonitrile,ClC(Cl)(Cl)C#N,TRUE,Sigma,Nitrile
Methoxyacetonitrile,COCC#N,TRUE,Sigma,Nitrile
3 Methoxypropionitrile,COCCC#N,TRUE,Sigma,Nitrile
3 Ethoxypropionitrile,CCOCCC#N,TRUE,Sigma,Nitrile
3 Butoxypropionitrile,CCCCOCCC#N,TRUE,Sigma,Nitrile
Dimethylcyanamide,CN(C)C#N,TRUE,Sigma,Nitrile
Diethylcyanamide,CCN(CC)C#N,TRUE,Sigma,Nitrile
N Morpholinecarbonitrile,N#CN1CCOCC1,TRUE,Sigma,Nitrile
1 Piperidinecarbonitrile,N#CN1CCCCC1,TRUE,Sigma,Nitrile
1 Pyrrolidinecarbonitrile,N#CN1CCCC1,TRUE,Sigma,Nitrile
Acetone Cyanohydrin,CC(C)(O)C#N,FALSE,Sigma,Alcohol/Nitrile
Triethyl orthoformate,CCOC(OCC)OCC,TRUE,SynQuest,Electrolyte additive; Orthoester
Tris(3 fluoropropyl)orthoformate,C(CF)COC(OCCF)OCCF,TRUE,SynQuest,Fluorinated orthoester
Tris(2 chloroethyl)orthoformate,ClCCOC(OCCCl)OCCCl,TRUE,SynQuest,Chlorinated orthoester
Tris(2 2 Difluoroethyl)orthoformate,FC(F)COC(OCC(F)F)OCC(F)F,TRUE,SynQuest,Fluorinated orthoester
Tris(3 chloropropyl)orthoformate,ClCCCOC(OCCCCl)OCCCCl,TRUE,SynQuest,Chlorinated orthoester
Tris(2 2 2 trifluoroethyl)orthoformate,FC(F)(F)COC(OCC(F)(F)F)OCC(F)(F)F,TRUE,SynQuest,Fluorinated orthoester
Tris(3 3 3 trifluoro 2 2 dimethylpropyl)orthoformate,CC(C)(CF)COC(OCC(C)(C)CF)OCC(C)(C)CF,TRUE,SynQuest,Fluorinated orthoester
Tris(2 bromoethyl) orthoformate,BrCCOC(OCCBr)OCCBr,TRUE,SynQuest,Brominated orthoester
Tris(4 4 4 trifluorobutyl) orthoformate,FC(F)(F)CCCOC(OCCCC(F)(F)F)OCCCC(F)(F)F,TRUE,SynQuest,Fluorinated orthoester
Tris(2 2 3 3 tetrafluoropropyl) orthoformate,FC(F)C(F)(F)COC(OCC(F)(F)C(F)F)OCC(F)(F)C(F)F,TRUE,SynQuest,Fluorinated orthoester
Tris(2 (2 2 2 Trifluoroethoxy)ethyl)orthoformate,FC(F)(F)COCCOC(OCCOCC(F)(F)F)OCCOCC(F)(F)F,TRUE,SynQuest,Fluorinated orthoester
Tris(2 2 2 trichloroethyl) orthoformate,ClC(Cl)(Cl)COC(OCC(Cl)(Cl)Cl)OCC(Cl)(Cl)Cl,TRUE,SynQuest,Chlorinated orthoester
Tris(2 2 3 3 3 pentafluoropropyl)orthoformate,FC(F)(F)C(F)(F)COC(OCC(F)(F)C(F)(F)F)OCC(F)(F)C(F)(F)F,TRUE,SynQuest,Fluorinated orthoester
Tris(hexafluoroisopropyl) orthoformate,FC(F)(F)C(C(F)(F)F)OC(OC(C(F)(F)F)C(F)(F)F)OC(C(F)(F)F)C(F)(F)F,TRUE,SynQuest,Fluorinated orthoester
4 Fluoro 3 iododiphenyl ether,c1cc(Oc2ccc(F)cc2)cc(I)c1,TRUE,SynQuest,Halogenated ether
4 Amino 3 5' bis(trifluoromethyl)diphenyl ether,Nc1ccc(Oc2cc(cc(c2)C(F)(F)F)C(F)(F)F)cc1,FALSE,SynQuest,Amine (Reactive with Li)
1 Bromo 4 (1 1 2 3 3 3 hexafluoropropoxy) benzene,BrC1=CC=C(OC(F)(F)C(F)C(F)(F)F)C=C1,TRUE,SynQuest,Fluorinated ether
(4 Bromo 2 6 difluorophenyl) 1 1 2 3 3 3 hexafluoropropyl ether,FC(F)(F)C(F)C(F)(F)Oc1c(F)cc(Br)cc1F,TRUE,SynQuest,Fluorinated ether
2 Bromo 2' nitro 4' (trifluoromethyl)diphenyl ether,O=[N+]([O-])c1cc(ccc1Oc2ccccc2Br)C(F)(F)F,FALSE,SynQuest,Nitro compound (Reactive with Li)
Bis 2 (fluorosulfonyl)tetrafluoroethyl ether,FO2SC(F)(F)C(F)(F)OC(F)(F)C(F)(F)SO2F,TRUE,SynQuest,Fluorosulfonyl ether
1 2 Dibromopentafluoropropyl 2 2 2 trifluoroethyl ether,FC(F)(F)COC(F)(C(F)(F)Br)C(F)Br,TRUE,SynQuest,Fluorinated ether
4 Bromononafluorodiphenyl ether,Brc1c(F)c(F)c(Oc2c(F)c(F)c(F)c(F)c2F)c(F)c1F,TRUE,SynQuest,Perfluorinated ether derivative
2 Iodotetrafluoroethyl heptafluoroisopropyl ether,IC(F)(F)C(F)(F)OC(C(F)(F)F)C(F)(F)F,TRUE,SynQuest,Fluorinated ether
1 2 Dibromopentafluoropropyl 2 2 3 3 tetrafluoropropyl ether,FC(F)C(F)(F)COC(F)(C(F)(F)Br)C(F)Br,TRUE,SynQuest,Fluorinated ether
Perfluoro(5 methyl 3 6 dioxanon 1 ene),C=C(F)OC(F)(F)C(F)(C(F)(F)F)OC(F)(F)C(F)(F)C(F)(F)F,TRUE,SynQuest,Fluorinated vinyl ether
Bis(4 chlorooctafluorobutyl)ether,ClC(F)(F)C(F)(F)C(F)(F)C(F)(F)OC(F)(F)C(F)(F)C(F)(F)C(F)(F)Cl,TRUE,SynQuest,Fluorinated ether
Perfluorotriglyme,FC(F)(F)OC(F)(F)C(F)(F)OC(F)(F)C(F)(F)OC(F)(F)C(F)(F)F,TRUE,SynQuest,Fluorinated glyme
2H Perfluoro 5 8 dimethyl 3 6 9 trioxadodecane,CC(C(F)(F)F)OC(F)(F)C(F)(C(F)(F)F)OC(F)(F)C(F)(F)C(F)(F)F (Approx),TRUE,SynQuest,Fluorinated ether
1 1 1 3 Tetrafluoro 2 (trifluoromethyl) 4 oxapent 2 ene,COC(F)=C(C(F)(F)F)C(F)(F)F,TRUE,SynQuest,Fluorinated vinyl ether
4 4' Difluorodiphenyl ether,Fc1ccc(Oc2ccc(F)cc2)cc1,TRUE,SynQuest,Fluorinated ether
2 Bromo 1 1 2 trifluoroethyl ethyl ether,CCOC(F)(F)C(F)Br,TRUE,SynQuest,Fluorinated ether
2 Bromo 3 methoxy 1 1 1 trifluoropropane,COCC(Br)C(F)(F)F,TRUE,SynQuest,Fluorinated ether
2 (Trifluoromethoxy) nitrobenzene,O=[N+]([O-])c1ccccc1OC(F)(F)F,FALSE,SynQuest,Nitro compound (Reactive with Li)
2H Hexafluoropropyl allyl ether,C=CCOC(C(F)(F)F)C(F)(F)F,TRUE,SynQuest,Fluorinated ether
Pentafluoroethyl trifluorovinyl ether,FC(F)=C(F)OC(F)(F)C(F)(F)F,TRUE,SynQuest,Fluorinated vinyl ether
4 Fluoro 3 phenoxybenzaldehyde,O=Cc1ccc(F)c(Oc2ccccc2)c1,FALSE,SynQuest,Aldehyde (Reactive with Li)
1 1 2 3 3 3 Hexafluoropropyl difluoromethyl ether,FC(F)OC(F)(F)C(F)C(F)(F)F,TRUE,SynQuest,Fluorinated ether
2 2 3 3 3 Pentafluoropropyl trifluoromethyl ether,FC(F)(F)OC(F)(F)C(F)(F)C(F)(F)F,TRUE,SynQuest,Fluorinated ether
Pentafluoroethyl 2 2 2 trifluoroethyl ether,FC(F)(F)COC(F)(F)C(F)(F)F,TRUE,SynQuest,Fluorinated ether
Dichloro 2 2 2 trifluoroethyl difluoromethyl ether,FC(F)OC(Cl)C(Cl)(F)C(F)(F)F,TRUE,SynQuest,Fluorinated ether
1 Bromo 2 (difluoromethoxy) benzene,Brc1ccccc1OC(F)F,TRUE,SynQuest,Fluorinated ether
Allyl heptafluoroisopropyl ether,C=CCOC(C(F)(F)F)C(F)(F)F,TRUE,SynQuest,Fluorinated ether
2 Fluoro 6 (4 methylphenoxy) benzonitrile,Cc1ccc(Oc2c(F)cccc2C#N)cc1,TRUE,SynQuest,Fluorinated nitrile
2 Chloroethyl 1 1 2 3 3 3 hexafluoropropyl ether,ClCCOC(F)(F)C(F)C(F)(F)F,TRUE,SynQuest,Fluorinated ether
1 1 2 3 3 3 Hexafluoropropyl chlorofluoromethyl ether,ClC(F)OC(F)(F)C(F)C(F)(F)F,TRUE,SynQuest,Fluorinated ether
2 (1 1 2 2 Tetrafluoroethoxy) benzoic acid,OC(=O)c1ccccc1OC(F)(F)C(F)F,FALSE,SynQuest,Acid (Reactive with Li)
1 1 1 2 2 Pentafluoro 3 (1 1 2 2 tetrafluoroethoxy)propane,FC(F)(F)C(F)(F)COC(F)(F)C(F)F,TRUE,SynQuest,Fluorinated ether
1 1 2 3 3 3 Hexafluoropropyl dichloromethyl ether,ClC(Cl)OC(F)(F)C(F)C(F)(F)F,TRUE,SynQuest,Fluorinated ether
Heptafluoropropyl trifluorovinyl ether,FC(F)=C(F)OC(F)(F)C(F)(F)C(F)(F)F,TRUE,SynQuest,Fluorinated vinyl ether
1 (2 Bromo 4 6 difluorophenoxy) 2 chloroethane,ClCCOc1c(F)cc(F)cc1Br,TRUE,SynQuest,Fluorinated ether
Allyl 2 2 3 3 4 4 5 5 octafluoropentyl ether,C=CCOCC(F)(F)C(F)(F)C(F)(F)C(F)(F)F,TRUE,SynQuest,Fluorinated ether
1 1 2 3 3 3 Hexafluoropropyl trichloromethyl ether,ClC(Cl)(Cl)OC(F)(F)C(F)C(F)(F)F,TRUE,SynQuest,Fluorinated ether
Heptafluoropropyl 1 2 2 2 tetrafluoroethyl ether,FC(F)(F)C(F)OC(F)(F)C(F)(F)F,TRUE,SynQuest,Fluorinated ether
2 (4 4 5 5 6 6 7 7 Octafluoro 2 oxaheptyl)oxirane,C1OC1COC(F)(F)C(F)(F)C(F)(F)C(F)(F)F,TRUE,SynQuest,Fluorinated ether
Bis(fluoromethyl) ether,FCOC(F)F,TRUE,SynQuest,Fluorinated ether
Methyl 2 2 2 trifluoroethyl ether,COC(F)(F)F,TRUE,SynQuest,Fluorinated ether
Ethyl trifluoromethyl ether,CCOC(F)(F)F,TRUE,SynQuest,Fluorinated ether
1 1 3 3 Tetrafluorodimethyl ether,FC(F)OC(F)F,TRUE,SynQuest,Fluorinated ether
Ethyl trifluorovinyl ether,CCOC(=C(F)F)F,TRUE,SynQuest,Fluorinated vinyl ether
2 2 2 Trifluoroethyl vinyl ether,C=COCC(F)(F)F,TRUE,SynQuest,Fluorinated vinyl ether
1 2 2 2 Tetrafluoroethyl methyl ether,COC(F)C(F)(F)F,TRUE,SynQuest,Fluorinated ether
Allyl 2 2 2 trifluoroethyl ether,C=CCOCC(F)(F)F,TRUE,SynQuest,Fluorinated ether
4 Fluoro 2 methylanisole,COc1ccc(F)cc1C,TRUE,SynQuest,Fluorinated ether
4 Fluoro 3 methylanisole,COc1ccc(F)c(C)c1,TRUE,SynQuest,Fluorinated ether
2 Chloro 1 1 2 trifluoroethyl methyl ether,COC(F)(F)C(F)Cl,TRUE,SynQuest,Fluorinated ether
Pentafluoroethyl methyl ether,COC(F)(F)C(F)(F)F,TRUE,SynQuest,Fluorinated ether
Difluoromethyl 2 2 2 trifluoroethyl ether,FC(F)OCC(F)(F)F,TRUE,SynQuest,Fluorinated ether
Difluoromethyl 1 1 2 trifluoroethyl ether,FC(F)OC(F)(F)C(F)F,TRUE,SynQuest,Fluorinated ether
Allyl 1 1 2 2 tetrafluoroethyl ether,C=CCOC(F)(F)C(F)F,TRUE,SynQuest,Fluorinated ether
2 Chloro 1 1 2 trifluoroethyl ethyl ether,CCOC(F)(F)C(F)Cl,TRUE,SynQuest,Fluorinated ether
5 Chloro 1 1 1 trifluoro 3 oxapentane,ClCCOCC(F)(F)F,TRUE,SynQuest,Fluorinated ether
Pentafluoroethyl ethyl ether,CCOC(F)(F)C(F)(F)F,TRUE,SynQuest,Fluorinated ether
1 1 3 3 3 Pentafluoropropyl methyl ether,COC(F)(F)CC(F)(F)F,TRUE,SynQuest,Fluorinated ether
Methoxyflurane,COC(F)(F)C(Cl)Cl,TRUE,SynQuest,Fluorinated ether
Allyl 2 2 3 3 tetrafluoropropyl ether,C=CCOCC(F)(F)C(F)F,TRUE,SynQuest,Fluorinated ether
Phenyl trifluorovinyl ether,c1ccccc1OC(=C(F)F)F,TRUE,SynQuest,Fluorinated vinyl ether
t Butyl 1 1 2 2 tetrafluoroethyl ether,CC(C)(C)OC(F)(F)C(F)F,TRUE,SynQuest,Fluorinated ether
Allyl 2 chloro 1 1 2 trifluoroethyl ether,C=CCOC(F)(F)C(F)Cl,TRUE,SynQuest,Fluorinated ether
Methyl hexafluoroisopropyl ether,COC(C(F)(F)F)C(F)(F)F,TRUE,SynQuest,Fluorinated ether
2 Chloro 1 1 2 trifluoroethyl difluoromethyl ether,FC(F)OC(F)(F)C(F)Cl,TRUE,SynQuest,Fluorinated ether
1 Chloro 2 2 2 trifluoroethyl difluoromethyl ether,FC(F)OC(Cl)C(F)(F)F,TRUE,SynQuest,Fluorinated ether
1 2 2 2 Tetrafluoroethyl trifluoromethyl ether,FC(F)(F)OC(F)C(F)(F)F,TRUE,SynQuest,Fluorinated ether
4 Fluorodiphenyl ether,Fc1ccc(Oc2ccccc2)cc1,TRUE,SynQuest,Fluorinated ether
3 Fluorodiphenyl ether,Fc1cccc(Oc2ccccc2)c1,TRUE,SynQuest,Fluorinated ether
Allyl 2 2 3 3 3 pentafluoropropyl ether,C=CCOCC(F)(F)C(F)(F)F,TRUE,SynQuest,Fluorinated ether
1 1 2 3 3 3 Hexafluoropropyl ethyl ether,CCOC(F)(F)C(F)C(F)(F)F,TRUE,SynQuest,Fluorinated ether
Heptafluoroisopropyl methyl ether,COC(C(F)(F)F)C(F)(F)F,TRUE,SynQuest,Fluorinated ether
Difluoromethyl 2 2 3 3 3 pentafluoropropyl ether,FC(F)OCC(F)(F)C(F)(F)F,TRUE,SynQuest,Fluorinated ether
(E) 3 3 3 Trifluoro 1 propenyl benzyl ether,c1ccccc1OC=CC(F)(F)F,TRUE,SynQuest,Fluorinated ether
